array,site,long,lat,easting_12n,northing_12n,start_date,end_date,camera_failure_details,deployment_id,array_visit
LU2,LU2_3,-111.48897,54.871919999999996,468621.87804954505,6080648.465078816,2021-07-15,2022-02-06,NA,NA,LU2_2021
LU2,LU2_5,-111.40779,54.87287,473831.9336592749,6080720.833836847,2021-07-12,2022-02-06,NA,NA,LU2_2021
LU2,LU2_100,-111.76688,54.99404,450937.0408583181,6094397.1487539485,2021-07-15,2022-02-05,NA,NA,LU2_2021
LU2,LU2_101,-111.41208,54.86738,473553.05057956855,6080111.541518604,2021-07-12,2022-02-06,NA,NA,LU2_2021
LU2,LU2_106,-111.78943,54.88816,449361.49613157735,6082631.472272619,2021-07-12,2022-02-05,NA,NA,LU2_2021
LU2,LU2_110,-111.47919,54.917919999999995,469284.49749157636,6085762.812801509,2021-07-13,2022-09-10,NA,NA,LU2_2021
LU2,LU2_119,-111.78169000000001,54.988879999999995,449983.1393723677,6093833.456562188,2021-07-15,2022-09-10,NA,NA,LU2_2021
LU2,LU2_123,-111.66826,55.00679,457259.93918775435,6095751.196769467,2021-07-15,2022-02-05,NA,NA,LU2_2021
LU2,LU2_13,-111.40125000000002,54.89791,474267.56815204764,6083504.760695242,2021-07-12,2022-02-06,NA,NA,LU2_2021
LU2,LU2_137,-111.59875,54.94295,461644.7532603298,6088607.037409125,2021-07-14,2022-09-09,NA,NA,LU2_2021
LU2,LU2_143,-111.43214,54.93758,472313.8299532292,6087930.883114251,2021-07-13,2022-09-09,NA,NA,LU2_2021
LU2,LU2_15,-111.38586,54.907869999999996,475260.64098658354,6084607.526799967,2021-07-12,2022-02-06,NA,NA,LU2_2021
LU2,LU2_153,-111.49073,54.988679999999995,468600.0161686661,6093641.87949887,2021-07-13,2022-09-10,NA,NA,LU2_2021
LU2,LU2_155,-111.40751000000002,54.97483,473915.94272478344,6092066.495962011,2021-07-14,2022-09-09,NA,NA,LU2_2021
LU2,LU2_17,-111.50986999999999,54.92504,467323.73346896796,6086568.98862813,2021-07-14,2022-09-09,NA,NA,LU2_2021
LU2,LU2_18,-111.45886,54.920970000000004,470589.8407542466,6086093.475922492,2021-07-13,2022-09-10,NA,NA,LU2_2021
LU2,LU2_20,-111.63136,54.95559,459568.5101910151,6090031.919827051,2021-07-15,2022-09-09,NA,NA,LU2_2021
LU2,LU2_21,-111.62396999999999,54.94711,460033.3367776853,6089084.055948623,2021-07-15,2022-09-09,NA,NA,LU2_2021
LU2,LU2_24,-111.78605,54.975930000000005,449687.97659965884,6092395.570083428,2021-07-12,2022-09-10,NA,NA,LU2_2021
LU2,LU2_25,-111.63915,54.970279999999995,459084.58651323157,6091671.092143002,2021-07-13,2022-09-09,NA,NA,LU2_2021
LU2,LU2_26,-111.41759000000002,54.96789,473266.132958704,6091298.034746433,2021-07-13,2022-09-09,NA,NA,LU2_2021
LU2,LU2_27,-111.65133999999999,55.00145,458336.5454957909,6095146.770380339,2021-07-14,2022-02-05,NA,NA,LU2_2021
LU2,LU2_29,-111.56660000000001,54.85585999999999,463625.81360743905,6078898.925866748,2021-07-15,2022-02-06,NA,NA,LU2_2021
LU2,LU2_30,-111.60097999999999,54.85813,461420.9037220108,6079169.90778577,2021-07-15,2022-02-06,NA,NA,LU2_2021
LU2,LU2_31,-111.47372,54.86417,469594.660125124,6079779.357431664,2021-07-15,2022-02-06,NA,NA,LU2_2021
LU2,LU2_32,-111.44610000000002,54.862350000000006,471366.1258143794,6079565.199059446,2021-07-12,2022-02-06,NA,NA,LU2_2021
LU2,LU2_33,-111.50648,54.86687,467494.17554875696,6080094.509078377,2021-07-15,2022-02-06,NA,NA,LU2_2021
LU2,LU2_34,-111.40033,54.88479999999999,474318.2294316063,6082045.59360432,2021-07-12,2022-02-06,NA,NA,LU2_2021
LU2,LU2_36,-111.3576,54.92015000000001,477079.497549966,6085964.385809537,2021-07-12,2022-02-06,NA,NA,LU2_2021
LU2,LU2_38,-111.52653,54.92608,466256.917023036,6086692.618792167,2021-07-14,2022-09-09,NA,NA,LU2_2021
LU2,LU2_39,-111.49615000000001,54.92213000000001,468200.7108370284,6086238.857308163,2021-07-14,2022-09-09,NA,NA,LU2_2021
LU2,LU2_40,-111.58392,54.93723,462589.4250190661,6087962.512980707,2021-07-14,2022-09-09,NA,NA,LU2_2021
LU2,LU2_42,-111.45815,54.92949,470641.5516073907,6087041.252984204,2021-07-13,2022-09-10,NA,NA,LU2_2021
LU2,LU2_44,-111.42569999999999,54.954519999999995,472737.8879676007,6089813.386663649,2021-07-13,2022-09-09,NA,NA,LU2_2021
LU2,LU2_46,-111.51454000000001,54.96857000000001,467060.0586465061,6091415.044264333,2021-07-13,2022-09-10,NA,NA,LU2_2021
LU2,LU2_47,-111.64797,54.97673,458526.62638959475,6092394.016158897,2021-07-14,2022-09-09,NA,NA,LU2_2021
LU2,LU2_50,-111.49719000000002,54.97719,468177.58155682636,6092366.2225644095,2021-07-13,2022-09-10,NA,NA,LU2_2021
LU2,LU2_51,-111.47964,54.99653000000001,469315.607925073,6094510.486454813,2021-07-13,2022-09-10,NA,NA,LU2_2021
LU2,LU2_52,-111.40199000000001,54.99463,474281.92770205694,6094267.7521530315,2021-07-14,2022-09-09,NA,NA,LU2_2021
LU2,LU2_54,-111.41174000000001,55.003310000000006,473663.8424467024,6095237.273446027,2021-07-14,2022-09-09,NA,NA,LU2_2021
LU2,LU2_56,-111.39808,55.01672,474546.06718953233,6096724.45673433,2021-07-14,2022-09-10,NA,NA,LU2_2021
LU2,LU2_57,-111.39145,55.04159,474985.4928656691,6099489.563561463,2021-07-14,2022-09-10,NA,NA,LU2_2021
LU3,LU3_5,-110.86127,55.34055,508799.029886293,6132697.312765524,2021-07-11,2022-06-12,NA,NA,LU3_2021
LU3,LU3_7,-110.75082,55.40634,515778.1710184562,6140038.291056751,2021-07-09,2022-06-11,NA,NA,LU3_2021
LU3,LU3_10,-110.78266,55.43207,513753.1111679702,6142894.933676382,2021-07-09,2022-02-02,NA,NA,LU3_2021
LU3,LU3_102,-110.85629,55.33055,509117.18482819793,6131585.102715841,2021-07-11,2022-06-12,NA,NA,LU3_2021
LU3,LU3_103,-110.8249,55.33152,511108.34170375566,6131697.6057975795,2021-07-11,2022-06-12,NA,NA,LU3_2021
LU3,LU3_106,-111.09341,55.36141,494078.52944178076,6135013.936368762,2021-07-11,NA,"CAMERA NOT RETRIEVED. Camera site is now a cutblock, camera was cut down.",NA,LU3_2021
LU3,LU3_111,-111.1192,55.398630000000004,492450.73542144016,6139158.49304738,2021-07-11,2022-02-04,NA,NA,LU3_2021
LU3,LU3_126,-110.77241799999999,55.55315,514357.1105510331,6156371.72381252,2021-07-09,2022-06-11,NA,NA,LU3_2021
LU3,LU3_129,-110.82374999999999,55.57962,511111.3389484834,6159308.137924508,2021-07-09,2022-02-02,NA,NA,LU3_2021
LU3,LU3_13,-111.11472,55.50208,492753.45177435863,6150670.675934829,2021-07-11,2022-06-12,NA,NA,LU3_2021
LU3,LU3_131,-110.79513,55.332390000000004,512996.6627579125,6131799.574156738,2021-07-11,2022-06-12,NA,NA,LU3_2021
LU3,LU3_137,-111.19794,55.42564,487472.46878421615,6142175.697127149,2021-07-11,2022-02-03,NA,NA,LU3_2021
LU3,LU3_14,-111.09364000000001,55.50061,494084.796825925,6150505.086960996,2021-07-08,2022-02-03,NA,NA,LU3_2021
LU3,LU3_147,-110.84415000000001,55.53844,509835.5425435173,6154722.177849479,2021-07-09,2022-02-02,NA,NA,LU3_2021
LU3,LU3_15,-110.79516000000001,55.4944,512941.6932385247,6149829.068270007,2021-07-10,2022-06-11,NA,NA,LU3_2021
LU3,LU3_17,-110.85302999999999,55.51204,509281.3475851985,6151782.940232315,2021-07-10,2022-06-11,NA,NA,LU3_2021
LU3,LU3_18,-111.11632999999999,55.537310000000005,492658.31441975443,6154591.537174502,2021-07-11,2022-06-12,NA,NA,LU3_2021
LU3,LU3_19,-111.07001,55.52431000000001,495580.1510309342,6153140.864593251,2021-07-08,2022-06-11,NA,NA,LU3_2021
LU3,LU3_20,-111.04119000000001,55.526700000000005,497399.76355040894,6153405.388919049,2021-07-08,2022-02-03,NA,NA,LU3_2021
LU3,LU3_21,-110.91676000000001,55.523540000000004,505255.18354025524,6153056.093214652,2021-07-08,2022-02-03,NA,NA,LU3_2021
LU3,LU3_25,-110.90796000000002,55.54139,505808.122084191,6155043.297382094,2021-07-08,2022-02-03,NA,NA,LU3_2021
LU3,LU3_27,-110.96253,55.5513,502363.9246339349,6156142.962497661,2021-07-10,2022-02-03,NA,NA,LU3_2021
LU3,LU3_28,-110.88772999999999,55.55154399999999,507082.8961920753,6156175.20210105,2021-07-09,2022-02-02,NA,NA,LU3_2021
LU3,LU3_32,-111.20451000000001,55.40952,487051.38526526967,6140382.962538892,2021-07-08,2022-02-03,NA,NA,LU3_2021
LU3,LU3_36,-111.22414,55.44785999999999,485822.25189025747,6144653.516965243,2021-07-10,2022-02-04,NA,NA,LU3_2021
LU3,LU3_38,-110.76387,55.44705999999999,514936.46408868744,6144566.99640336,2021-07-09,2022-02-02,NA,NA,LU3_2021
LU3,LU3_39,-111.23818,55.46641,484941.23648513545,6146720.842725276,2021-07-10,2022-02-04,NA,NA,LU3_2021
LU3,LU3_40,-111.16615,55.47251000000001,489496.89896806446,6147386.458834506,2021-07-10,2022-02-04,NA,NA,LU3_2021
LU3,LU3_41,-111.16666000000001,55.461859999999994,489461.81950414,6146201.325079897,2021-07-10,2022-02-04,NA,NA,LU3_2021
LU3,LU3_44,-110.84864,55.501310000000004,509561.181555201,6150589.413188099,2021-07-10,2022-06-11,NA,NA,LU3_2021
LU3,LU3_45,-110.96503,55.517469999999996,502208.0980088377,6152377.980253921,2021-07-08,2022-02-03,NA,NA,LU3_2021
LU3,LU3_46,-110.89555,55.5084,506596.76396790316,6151372.994819645,2021-07-09,2022-02-02,NA,NA,LU3_2021
LU3,LU3_48,-111.09771,55.54892,493835.25491279067,6155881.791647588,2021-07-08,2022-06-12,NA,NA,LU3_2021
LU3,LU3_50,-111.03035,55.551649999999995,498085.28220603854,6156181.694458925,2021-07-08,2022-02-03,NA,NA,LU3_2021
LU3,LU3_51,-110.82767,55.55753,510870.30915735435,6156849.138287979,2021-07-09,2022-02-02,NA,NA,LU3_2021
LU3,LU3_52,-110.89193,55.56306,506815.9329059855,6157456.387839948,2021-07-09,2022-02-02,NA,NA,LU3_2021
LU3,LU3_49,-111.07930999999999,55.55693,494997.1698275393,6156771.738574815,2021-07-08,2022-02-03,NA,NA,LU3_2021
LU13,LU13_18,-111.59020000000001,57.179930000000006,464320.0739628832,6337569.614511734,2022-09-18,2023-09-27,NA,NA,LU13_2022
LU13,LU13_15,-111.59116000000002,57.140370000000004,464223.8632156805,6333166.465912139,2022-09-18,2023-09-27,NA,NA,LU13_2022
LU13,LU13_3,-111.49142000000002,57.12465,470247.3084264982,6331368.676032839,2022-09-18,2023-09-27,NA,NA,LU13_2022
LU13,LU13_34,-111.45408,57.12297000000001,472506.76850448793,6331165.998673154,2022-09-18,2023-09-27,NA,NA,LU13_2022
LU13,LU13_57,-111.05726000000001,57.20649,496540.86488449504,6340373.257721259,2022-09-18,2023-09-24,NA,NA,LU13_2022
LU13,LU13_16,-111.58554,57.16297000000001,464585.5722862072,6335679.26593479,2022-09-18,2023-09-27,NA,NA,LU13_2022
LU13,LU13_21,-111.58622000000001,57.19368,464573.8392547519,6339098.137356905,2022-09-18,2023-09-27,NA,NA,LU13_2022
LU13,LU13_37,-111.37926,57.11808,477033.84740603017,6330593.99285106,2022-09-18,2023-09-27,NA,NA,LU13_2022
LU13,LU13_55,-111.30484,57.11781,481540.2090756391,6330541.343869722,2022-09-18,2023-09-27,NA,NA,LU13_2022
LU13,LU13_47,-111.09103,57.1871,494497.902779457,6338217.005614256,2022-09-18,2023-09-24,NA,NA,LU13_2022
LU13,LU13_51,-111.25424000000001,57.08858,484592.1939485075,6327275.00139388,2022-09-16,2023-09-24,NA,NA,LU13_2022
LU13,LU13_27,-111.24763000000002,57.097150000000006,484996.24288582953,6328227.511506748,2022-09-16,2023-09-24,NA,NA,LU13_2022
LU13,LU13_5,-111.21362000000002,57.1115,487061.8854939164,6329817.9447749965,2022-09-16,2023-09-23,NA,NA,LU13_2022
LU13,LU13_26,-111.27681,57.08022,483220.60531814536,6326349.718606728,2022-09-16,2023-09-24,NA,NA,LU13_2022
LU13,LU13_35,-111.43315000000001,57.11565,473768.8360320066,6330342.923998093,2022-09-16,2023-09-26,NA,NA,LU13_2022
LU13,LU13_13,-111.30006999999999,57.07174,481806.50896256446,6325411.716689266,2022-09-16,2023-09-24,NA,NA,LU13_2022
LU13,LU13_128,-111.3068,57.063210000000005,481394.1976718645,6324464.006005322,2022-09-16,2023-09-24,NA,NA,LU13_2022
LU13,LU13_131,-111.32229999999998,57.06533000000001,480455.32249483676,6324704.32650561,2022-09-16,2023-09-24,NA,NA,LU13_2022
LU13,LU13_12,-111.31858,57.057739999999995,480676.964330659,6323858.38122181,2022-09-16,2023-09-24,NA,NA,LU13_2022
LU13,LU13_33,-111.33516999999999,57.0561,479669.8288322192,6323680.641388611,2022-09-16,2023-09-24,NA,NA,LU13_2022
LU13,LU13_32,-111.34759000000001,57.04958,478912.7864094643,6322958.631600377,2022-09-16,2023-09-24,NA,NA,LU13_2022
LU13,LU13_30,-111.36054,57.04375,478123.7272529245,6322313.737581318,2022-09-16,2023-09-24,NA,NA,LU13_2022
LU13,LU13_53,-111.26450000000001,57.11683,483982.5942887108,6330422.06073381,2022-09-15,2023-09-24,NA,NA,LU13_2022
LU13,LU13_22,-111.12086,57.17485,492692.4812117806,6336856.156385674,2022-09-15,2023-09-24,NA,NA,LU13_2022
LU13,LU13_19,-111.13,57.163340000000005,492137.4099684517,6335575.900099875,2022-09-15,2023-09-24,NA,NA,LU13_2022
LU13,LU13_45,-111.14605,57.1554,491164.79037309525,6334693.999751847,2022-09-15,2023-09-24,NA,NA,LU13_2022
LU13,LU13_8,-111.17169,57.14077,489609.61559520557,6333069.034034191,2022-09-15,2023-09-24,NA,NA,LU13_2022
LU13,LU13_43,-111.15834999999998,57.14806,490418.8126757553,6333878.587190207,2022-09-15,2023-09-24,NA,NA,LU13_2022
LU13,LU13_41,-111.18623,57.13169,488726.921400142,6332060.579590536,2022-09-15,2023-09-24,NA,NA,LU13_2022
LU13,LU13_59,-111.25407,57.12108,484615.9670030699,6330892.7576912735,2022-09-15,2023-09-24,NA,NA,LU13_2022
LU13,LU13_6,-111.21960000000001,57.12073000000001,486703.0083957579,6330846.551176109,2022-09-15,2023-09-24,NA,NA,LU13_2022
LU13,LU13_14,-111.19257999999999,57.123020000000004,488339.8123069894,6331096.525420971,2022-09-15,2023-09-24,NA,NA,LU13_2022
LU13,LU13_52,-111.41942000000002,57.11729,474601.4282416654,6330520.287483885,2022-09-15,2023-09-27,NA,NA,LU13_2022
LU13,LU13_36,-111.38155,57.12073000000001,476896.82666234055,6330889.754647152,2022-09-15,2023-09-27,NA,NA,LU13_2022
LU13,LU13_38,-111.35448,57.11777,478534.21702451044,6330551.415765374,2022-09-15,2023-09-27,NA,NA,LU13_2022
LU13,LU13_20,-111.10409,57.1806,493707.4169632783,6337494.564737168,2022-09-14,2023-09-24,NA,NA,LU13_2022
LU13,LU13_17,-111.10896,57.16414,493410.0815294281,6335662.725005699,2022-09-15,2023-09-24,NA,NA,LU13_2022
LU13,LU13_56,-111.10345,57.152100000000004,493741.2939270289,6334321.936245136,2022-09-15,2023-09-24,NA,NA,LU13_2022
LU13,LU13_49,-111.07793,57.193340000000006,495290.49574898084,6338910.653045533,2022-09-15,2023-09-24,NA,NA,LU13_2022
LU13,LU13_70,-111.05211,57.19792,496851.2522681376,6339419.00489534,2022-09-15,2023-09-24,NA,NA,LU13_2022
LU13,LU13_11,-111.04179,57.17275000000001,497473.12089306954,6336616.685389035,2022-09-15,2023-09-24,NA,NA,LU13_2022
LU15,LU15_44,-112.87607999999999,56.212650000000004,383644.1967974084,6231330.82566303,2022-09-13,2023-09-12,NA,NA,LU15_2022
LU15,LU15_11,-112.83254,56.212140000000005,386342.71401509346,6231201.422951982,2022-09-13,2023-09-12,NA,NA,LU15_2022
LU15,LU15_19,-112.85681,56.2124,384838.4259052674,6231270.64182791,2022-09-13,2023-09-11,NA,NA,LU15_2022
LU15,LU15_7,-112.98846,56.2118,376672.61732752214,6231431.643172883,2022-09-13,2023-09-12,NA,NA,LU15_2022
LU15,LU15_34,-112.99898,56.1777,375910.20354111807,6227656.0379533665,2022-09-13,2023-09-12,NA,NA,LU15_2022
LU15,LU15_37,-112.86945,56.1802,383957.40160727943,6227708.671682663,2022-09-13,2023-09-12,NA,NA,LU15_2022
LU15,LU15_18,-112.93424000000002,56.21154,380034.120252682,6231307.015188408,2022-09-13,2023-09-12,NA,NA,LU15_2022
LU15,LU15_43,-112.89617,56.21047,382391.6986376757,6231122.337027976,2022-09-13,2023-09-12,NA,NA,LU15_2022
LU15,LU15_10,-112.91250000000001,56.21595000000001,381395.91071771376,6231760.122069757,2022-09-13,2023-09-12,NA,NA,LU15_2022
LU15,LU15_58,-112.91390000000001,56.22151000000001,381326.2859146924,6232381.235544913,2022-09-13,2023-09-12,NA,NA,LU15_2022
LU15,LU15_8,-112.80639199999999,56.215085,387972.8418194661,6231486.332417059,2022-09-13,2023-09-12,NA,NA,LU15_2022
LU15,LU15_12,-112.82142,56.179370000000006,386935.94673362625,6227536.514374171,2022-09-13,2022-11-17,NA,NA,LU15_2022
LU15,LU15_17,-112.74088,56.1792,391934.3650670384,6227388.450767236,2022-09-13,2023-09-12,NA,NA,LU15_2022
LU15,LU15_1,-113.01591,56.13297000000001,374713.9036239059,6222709.350921845,2022-09-13,2023-09-13,NA,NA,LU15_2022
LU15,LU15_26,-113.00198,56.13686,375592.06429534184,6223116.995745056,2022-09-13,2023-09-13,NA,NA,LU15_2022
LU15,LU15_27,-112.9838,56.137679999999996,376724.2666191504,6223175.602775043,2022-09-13,2023-09-13,NA,NA,LU15_2022
LU15,LU15_28,-112.94679000000001,56.13708,379021.88992029266,6223043.315520902,2022-09-13,2023-09-13,NA,NA,LU15_2022
LU15,LU15_2,-112.92681,56.134530000000005,380255.38929692,6222724.702334563,2022-09-13,2023-09-13,NA,NA,LU15_2022
LU15,LU15_29,-112.91135000000001,56.13785,381226.27696692484,6223067.412171774,2022-09-13,2023-09-13,NA,NA,LU15_2022
LU15,LU15_30,-112.88976,56.138250000000006,382568.94125089975,6223074.95990311,2022-09-13,2023-09-13,NA,NA,LU15_2022
LU15,LU15_31,-112.87376999999998,56.138200000000005,383562.2855690564,6223042.291356101,2022-09-13,2023-09-13,NA,NA,LU15_2022
LU15,LU15_32,-112.85918,56.1378,384467.600225394,6222973.249768891,2022-09-13,2023-09-13,NA,NA,LU15_2022
LU15,LU15_20,-113.06107,56.21454,372179.07888247794,6231868.831640249,2022-09-13,2023-09-12,NA,NA,LU15_2022
LU15,LU15_21,-113.01251,56.217110000000005,375198.4878545134,6232065.807939357,2022-09-13,2023-09-12,NA,NA,LU15_2022
LU15,LU15_23,-113.05704,56.20251000000001,372389.00771009346,6230522.741561345,2022-09-12,2023-09-12,NA,NA,LU15_2022
LU15,LU15_41,-113.05862,56.19308,372259.664578309,6229476.358393606,2022-09-12,2023-09-12,NA,NA,LU15_2022
LU15,LU15_25,-112.96203,56.21123,378309.7953091972,6231321.237305047,2022-09-12,2023-09-12,NA,NA,LU15_2022
LU15,LU15_9,-112.97829,56.21596,377316.5699316274,6231876.399602427,2022-09-12,2023-09-12,NA,NA,LU15_2022
LU15,LU15_24,-113.04411000000002,56.21198,373222.26250159263,6231552.644362559,2022-09-12,2023-09-12,NA,NA,LU15_2022
LU15,LU15_46,-113.02529999999999,56.21193,374388.5278243866,6231512.639791253,2022-09-12,2023-09-12,NA,NA,LU15_2022
LU15,LU15_40,-112.73063,56.18027,392573.5519461748,6227491.504812227,2022-09-12,2023-09-12,NA,NA,LU15_2022
LU15,LU15_16,-112.76156000000002,56.17765,390646.393808054,6227248.568999442,2022-09-12,2023-09-12,NA,NA,LU15_2022
LU15,LU15_4,-112.92477,56.17984,380522.88200498204,6227763.093384468,2022-09-12,2023-09-12,NA,NA,LU15_2022
LU15,LU15_36,-112.95157,56.17767,378852.7207795314,6227568.387544958,2022-09-12,2023-09-12,NA,NA,LU15_2022
LU15,LU15_3,-113.04402000000002,56.17757,373114.29236907884,6227723.54488496,2022-09-12,2023-09-12,NA,NA,LU15_2022
LU15,LU15_15,-113.06137,56.1834,372056.8388989137,6228404.331965728,2022-09-12,2023-09-12,NA,NA,LU15_2022
LU15,LU15_14,-113.07427,56.169160000000005,371208.63004443573,6226843.821752284,2022-09-12,2023-09-12,NA,NA,LU15_2022
LU15,LU15_22,-112.88846999999998,56.39487999999999,383432.152655207,6251630.289285858,2022-09-11,2023-09-14,NA,NA,LU15_2022
LU15,LU15_61,-112.90440000000001,56.385130000000004,382418.9507153663,6250572.416531802,2022-09-11,2023-09-14,NA,NA,LU15_2022
LU21,LU21_106,-112.03402000000001,56.56523000000001,436456.1635078832,6269469.572345366,2022-09-20,2023-09-25,NA,NA,LU21_2022
LU21,LU21_10,-111.99360000000001,56.59103,438981.56925743923,6272304.462227466,2022-09-20,2023-09-25,NA,NA,LU21_2022
LU21,LU21_16,-111.97281,56.625220000000006,440312.21555504366,6276091.586833734,2022-09-20,2023-09-25,NA,NA,LU21_2022
LU21,LU21_107,-111.93458000000001,56.56608,442568.13358018413,6269476.565340248,2022-09-20,2023-09-25,NA,NA,LU21_2022
LU21,LU21_41,-111.90783,56.66848,444362.72741277807,6280851.930425276,2022-09-20,2023-09-25,NA,NA,LU21_2022
LU21,LU21_63,-111.96631000000001,56.60868,440685.0871134181,6274245.012039926,2022-09-20,2023-06-07,NA,NA,LU21_2022
LU21,LU21_27,-112.14841,56.62148,429531.6492898697,6275841.888197901,2022-09-20,2023-09-25,NA,NA,LU21_2022
LU21,LU21_23,-112.20293,56.59241000000001,426129.67770871596,6272663.765477277,2022-09-20,2023-09-25,NA,NA,LU21_2022
LU21,LU21_21,-112.1497,56.566300000000005,429349.60745790834,6269701.72267447,2022-09-20,2023-09-25,NA,NA,LU21_2022
LU21,LU21_82,-112.16532999999998,56.529900000000005,428320.41948923055,6265666.662961301,2022-09-20,2023-09-25,NA,NA,LU21_2022
LU21,LU21_871,-112.09488,56.55634,432700.51561883115,6268538.108624721,2022-09-20,2023-09-25,NA,NA,LU21_2022
LU21,LU21_164,-111.93586,56.61886,442569.58453788667,6275352.165597901,2022-09-20,2023-09-25,NA,NA,LU21_2022
LU21,LU21_36,-111.94768000000002,56.64851000000001,441889.8504883785,6278662.24832146,2022-09-20,2023-09-25,NA,NA,LU21_2022
LU21,LU21_14,-112.09007,56.61864,433106.291729833,6275467.394560907,2022-09-20,2023-09-25,NA,NA,LU21_2022
LU21,LU21_32,-112.16299,56.638760000000005,428669.65114352957,6277780.216576908,2022-09-20,2023-09-25,NA,NA,LU21_2022
LU21,LU21_126,-112.17957999999999,56.62290000000001,427621.8287353436,6276032.383011452,2022-09-20,2023-09-25,NA,NA,LU21_2022
LU21,LU21_122,-112.17445,56.57432,427844.04605117964,6270620.0810455885,2022-09-20,2023-09-25,NA,NA,LU21_2022
LU21,LU21_56,-112.187,56.55825,427042.1145643776,6268844.78193593,2022-09-20,2023-09-25,NA,NA,LU21_2022
LU21,LU21_57,-112.14105,56.56273000000001,429874.5279454236,6269295.517381342,2022-09-20,2023-09-25,NA,NA,LU21_2022
LU21,LU21_9,-112.06113,56.58638,434826.6315991096,6271848.993304222,2022-09-20,2023-09-25,NA,NA,LU21_2022
LU21,LU21_98,-111.87948999999999,56.51305,445877.82872147375,6263529.4971444085,2022-09-20,2023-09-25,NA,NA,LU21_2022
LU21,LU21_119,-112.00047799999999,56.57495,438533.11024036794,6270520.875414853,2022-09-20,2023-10-02,NA,NA,LU21_2022
LU21,LU21_52,-111.93567,56.53988,442461.41451836174,6266561.3788411515,2022-09-20,2023-09-25,NA,NA,LU21_2022
LU21,LU21_59,-111.58272999999998,56.56464,464188.2997858943,6269077.355030616,2022-09-17,2023-10-02,NA,NA,LU21_2022
LU21,LU21_68,-111.71055000000001,56.63286,456411.8770615854,6276744.549557965,2022-09-17,2023-10-02,NA,NA,LU21_2022
LU21,LU21_109,-111.90173,56.56289,444582.1036626353,6269094.513999412,2022-09-17,2023-09-25,NA,NA,LU21_2022
LU21,LU21_93,-111.84483,56.56624,448083.5099951249,6269422.898809442,2022-09-17,2023-10-02,NA,NA,LU21_2022
LU21,LU21_114,-111.73336,56.55014,454914.2656503903,6267552.174327797,2022-09-17,2023-10-02,NA,NA,LU21_2022
LU21,LU21_105,-111.68692999999999,56.55542,457774.52757166827,6268110.340271657,2022-09-17,2023-10-02,NA,NA,LU21_2022
LU21,LU21_100,-111.90392000000001,56.53842,444411.6623220557,6266372.728073668,2022-09-17,2023-09-25,NA,NA,LU21_2022
LU21,LU21_74,-111.86436,56.51803,446815.8474417375,6264071.961809687,2022-09-17,2023-09-25,NA,NA,LU21_2022
LU21,LU21_78,-111.82865,56.52056,449016.42305042094,6264326.479208799,2022-09-17,2023-10-02,NA,NA,LU21_2022
LU21,LU21_153,-111.78556999999999,56.550459999999994,451704.9666780816,6267623.291786216,2022-09-17,2023-10-02,NA,NA,LU21_2022
LU21,LU21_6,-111.67987999999998,56.519659999999995,458168.47854948515,6264125.797611713,2022-09-17,2023-10-02,NA,NA,LU21_2022
LU21,LU21_116,-111.63882999999998,56.55143999999999,460727.0552528939,6267638.803909827,2022-09-17,2023-10-02,NA,NA,LU21_2022
LU21,LU21_97,-111.59376999999999,56.57623,463521.00306775887,6270373.196170448,2022-09-17,2023-10-02,NA,NA,LU21_2022
LU1,LU1_13,-110.72349,54.60634,517860.66818018013,6051021.891309919,2022-06-13,2023-09-10,NA,NA,LU1_2022
LU1,LU1_30,-110.82257999999999,54.734320000000004,511424.15943137114,6065241.908204695,2022-06-13,2023-09-10,NA,NA,LU1_2022
LU1,LU1_85,-110.71049000000001,54.73971000000001,518639.19765712455,6065865.68579549,2022-06-13,2023-05-25,NA,NA,LU1_2022
LU1,LU1_66,-110.72408,54.707770000000004,517778.22296196065,6062308.085680805,2022-06-14,2023-09-10,NA,NA,LU1_2022
LU1,LU1_76,-110.70893,54.70008,518757.9210049606,6061456.338101148,2022-06-14,2022-12-26,NA,NA,LU1_2022
LU1,LU1_73,-110.70935,54.675050000000006,518742.38346785546,6058671.068673693,2022-06-14,2023-09-10,NA,NA,LU1_2022
LU1,LU1_75,-110.69172999999999,54.68616,519873.16744600306,6059912.152166309,2022-06-14,2023-09-10,NA,NA,LU1_2022
LU1,LU1_47,-110.48721000000002,54.617839999999994,533113.3118253504,6052387.198038379,2022-06-15,2023-09-09,NA,NA,LU1_2022
LU1,LU1_74,-110.26517,54.66743,547393.5628430925,6058032.326147448,2022-06-15,2023-09-10,NA,NA,LU1_2022
LU1,LU1_44,-110.47691,54.59921000000001,533793.854956572,6050319.135362371,2022-06-15,2023-09-09,NA,NA,LU1_2022
LU1,LU1_41,-110.29359000000001,54.594100000000005,545642.6551964608,6049854.132664412,2022-06-15,2023-09-10,NA,NA,LU1_2022
LU1,LU1_64,-110.31862000000001,54.69595000000001,543915.5147019767,6061171.0032300865,2022-06-16,2023-09-09,NA,NA,LU1_2022
LU1,LU1_86,-110.34254,54.73745,542330.617004722,6065774.063896275,2022-06-16,2023-07-27,NA,NA,LU1_2022
LU1,LU1_79,-110.33426000000001,54.703970000000005,542899.0558042112,6062053.725407843,2022-06-16,2023-09-09,NA,NA,LU1_2022
LU1,LU1_63,-110.38139,54.69512000000001,539870.8038651495,6061041.19200159,2022-06-16,2022-12-05,NA,NA,LU1_2022
LU1,LU1_72,-110.41977,54.65901,537430.3559633855,6057002.070236914,2022-06-16,2022-09-22,NA,NA,LU1_2022
LU1,LU1_67,-110.55328,54.75274,528751.385144662,6067368.674344985,2022-06-16,2023-09-09,NA,NA,LU1_2022
LU1,LU1_77,-110.53466000000002,54.700920000000004,529988.0140915285,6061610.310552047,2022-06-16,2022-09-22,NA,NA,LU1_2022
LU1,LU1_32,-110.54806,54.74266,529094.5727078938,6066249.192262178,2022-06-16,2023-09-09,NA,NA,LU1_2022
LU1,LU1_36,-110.53842999999999,54.72431000000001,529727.9499859876,6064211.370486616,2022-06-16,2023-09-09,NA,NA,LU1_2022
LU1,LU1_84,-110.50404,54.72892000000001,531939.2348060943,6064739.446890527,2022-06-16,2023-09-09,NA,NA,LU1_2022
LU1,LU1_25,-110.549,54.692400000000006,529069.9948021881,6060656.239644214,2022-06-17,2023-09-09,NA,NA,LU1_2022
LU1,LU1_83,-110.54852000000001,54.73326,529071.6893751898,6065203.035231719,2022-06-17,2023-09-09,NA,NA,LU1_2022
LU1,LU1_80,-110.54085,54.712540000000004,529580.6559765858,6062900.669334268,2022-06-17,2023-09-09,NA,NA,LU1_2022
LU1,LU1_70,-110.56893,54.60699,527843.7001830979,6051144.471224809,2022-06-17,2023-04-11,NA,NA,LU1_2022
LU1,LU1_48,-110.40762000000002,54.60776,538262.2182523218,6051306.011127127,2022-06-17,2023-09-09,NA,NA,LU1_2022
LU1,LU1_45,-110.37065,54.59816000000001,540659.6693352675,6050258.579091811,2022-06-17,2023-09-09,NA,NA,LU1_2022
LU1,LU1_11,-110.48226000000001,54.588892,533456.6812036387,6049168.492295013,2022-06-17,2023-09-09,NA,NA,LU1_2022
LU1,LU1_40,-110.57063,54.581759999999996,527751.0422112439,6048336.444604886,2022-06-17,2023-08-24,NA,NA,LU1_2022
LU1,LU1_6,-110.60829,54.56253000000001,525328.9342540767,6046182.504395512,2022-06-17,2023-09-10,NA,NA,LU1_2022
LU1,LU1_10,-110.60129,54.58592,525766.8107989627,6048787.659593273,2022-06-17,2022-12-05,NA,NA,LU1_2022
LU1,LU1_43,-110.51104000000001,54.608610000000006,531581.652536649,6051349.203132933,2022-06-18,2023-09-09,NA,NA,LU1_2022
LU1,LU1_71,-110.50837999999999,54.63866,531730.0655292924,6054694.0864779595,2022-06-18,2023-09-09,NA,NA,LU1_2022
LU1,LU1_22,-110.48788,54.65007,533043.9067839758,6055973.139892376,2022-06-18,2023-09-09,NA,NA,LU1_2022
LU1,LU1_60,-110.50311,54.690430000000006,532029.4430693227,6060457.00132527,2022-06-18,2023-09-09,NA,NA,LU1_2022
LU1,LU1_78,-110.37037999999998,54.69755000000001,540577.9887446966,6061317.889308336,2022-06-18,2023-09-09,NA,NA,LU1_2022
LU1,LU1_46,-110.51263,54.616679999999995,531472.7289227777,6052246.442997281,2022-06-18,2023-09-09,NA,NA,LU1_2022
LU1,LU1_82,-110.08388,54.703959000000005,559032.7028347463,6062234.287410351,2022-06-15,2023-09-10,NA,NA,LU1_2022
LU1,LU1_27,-110.7394,54.69098,516798.0541118343,6060436.038469366,2022-06-14,2023-09-10,NA,NA,LU1_2022
LU9,LU9_5,-113.69829999999999,55.90594,331327.57922979794,6198901.1150807375,2023-09-15,2024-09-09,NA,NA,LU9_2023
LU9,LU9_6,-113.66641,55.9047,333315.18485922605,6198685.843458697,2023-09-15,2024-09-09,NA,NA,LU9_2023
LU9,LU9_7,-113.66419,55.920350000000006,333521.0227930289,6200421.5729281325,2023-09-16,2024-09-10,NA,NA,LU9_2023
LU9,LU9_8,-113.64587999999999,55.915510000000005,334644.2587813516,6199839.181603092,2023-09-15,2024-09-09,NA,NA,LU9_2023
LU9,LU9_100,-113.39996000000001,56.09786,350714.6576276187,6219566.873118631,2023-09-13,2024-09-09,NA,NA,LU9_2023
LU9,LU9_102,-113.78246,56.10159,326945.22902590287,6220875.295462604,2023-09-14,2024-09-10,NA,NA,LU9_2023
LU9,LU9_106,-113.39658,56.111239999999995,350976.5755666171,6221048.257183494,2023-09-13,2024-09-09,NA,NA,LU9_2023
LU9,LU9_112,-113.29684,56.13584,357268.44215331704,6223574.450870412,2023-09-13,2024-09-09,NA,NA,LU9_2023
LU9,LU9_113,-113.26157,56.127810000000004,359430.4780364692,6222608.556760681,2023-09-13,2024-09-09,Low battery indicated but operational,NA,LU9_2023
LU9,LU9_12,-113.67605999999999,55.92810000000001,332812.8741536753,6201312.409244694,2023-09-15,2024-09-10,NA,NA,LU9_2023
LU9,LU9_13,-113.48714000000001,55.93485999999999,344639.8674818643,6201623.802879752,2023-09-15,2024-09-09,NA,NA,LU9_2023
LU9,LU9_18,-113.68761,55.938930000000006,332138.33522591693,6202545.242170981,2023-09-15,2024-09-10,NA,NA,LU9_2023
LU9,LU9_21,-113.71101000000002,55.95747999999999,330758.1950499629,6204665.996144182,2023-09-16,2024-09-10,NA,NA,LU9_2023
LU9,LU9_24,-113.71067000000001,55.97636,330861.8257737261,6206765.567000931,2023-09-15,2024-09-10,NA,NA,LU9_2023
LU9,LU9_28,-113.76594,55.98741999999999,327463.39584631304,6208132.645181491,2023-09-15,2024-09-10,NA,NA,LU9_2023
LU9,LU9_29,-113.73471,55.97969,329376.8878967967,6207195.134082885,2023-09-15,2024-09-10,NA,NA,LU9_2023
LU9,LU9_30,-113.70862000000001,55.99221000000001,331058.85159898724,6208523.871254768,2023-09-15,2024-09-10,NA,NA,LU9_2023
LU9,LU9_31,-113.68732999999999,55.9869,332363.393755305,6207881.268975285,2023-09-16,2024-09-10,NA,NA,LU9_2023
LU9,LU9_32,-113.66646999999999,55.98812,333669.53478559427,6207966.57928773,2023-09-16,2024-09-10,NA,NA,LU9_2023
LU9,LU9_33,-113.64686,55.98747999999999,334889.7223174517,6207848.340957581,2023-09-16,2024-09-10,NA,NA,LU9_2023
LU9,LU9_39,-113.44392000000002,55.98985,347555.391323958,6207645.648735001,2023-09-14,2024-09-09,NA,NA,LU9_2023
LU9,LU9_41,-113.76165000000002,56.00175,327794.6728658419,6209716.135101121,2023-09-15,2024-09-10,NA,NA,LU9_2023
LU9,LU9_44,-113.47067,56.00827,345960.4976724539,6209754.374393638,2023-09-15,2024-09-09,NA,NA,LU9_2023
LU9,LU9_51,-113.36845,56.02089,352380.3999475783,6210935.272271564,2023-09-14,2024-09-09,Low battery indicated upon retreival but operational. Camera stopped taking photos after September 9th,NA,LU9_2023
LU9,LU9_55,-113.49660000000002,56.023720000000004,344406.3613614314,6211531.436157736,2023-09-16,2024-09-09,NA,NA,LU9_2023
LU9,LU9_57,-113.4364,56.02872000000001,348176.9287784307,6211953.749174683,2023-09-16,2024-09-09,NA,NA,LU9_2023
LU9,LU9_62,-113.76742000000002,56.035720000000005,327586.4627194472,6213509.6608081795,2023-09-15,2024-09-10,NA,NA,LU9_2023
LU9,LU9_63,-113.73437,56.0298,329618.8383983696,6212769.026657029,2023-09-16,2024-09-10,NA,NA,LU9_2023
LU9,LU9_64,-113.72797,56.0397,330061.0397036609,6213854.63437843,2023-09-15,2024-09-10,NA,NA,LU9_2023
LU9,LU9_65,-113.54919000000001,56.041869999999996,341204.2003029699,6213670.469296013,2023-09-16,2024-09-09,NA,NA,LU9_2023
LU9,LU9_67,-113.40793000000001,56.03918,349991.21661229973,6213055.31762657,2023-09-16,2024-09-09,NA,NA,LU9_2023
LU9,LU9_68,-113.36591,56.04655,352636.508521109,6213784.836598418,2023-09-14,2024-09-09,NA,NA,LU9_2023
LU9,LU9_72,-113.72662000000001,56.05514,330212.97154011164,6215569.024305202,2023-09-15,2024-09-10,NA,NA,LU9_2023
LU9,LU9_73,-113.5569,56.05505,340778.3615119045,6215154.588018821,2023-09-16,2024-09-09,NA,NA,LU9_2023
LU9,LU9_75,-113.48314,56.05522,345371.0790777862,6215005.844584988,2023-09-14,2024-09-09,NA,NA,LU9_2023
LU9,LU9_76,-113.45915000000001,56.06062,346886.03193488123,6215553.176051333,2023-09-16,2024-09-09,NA,NA,LU9_2023
LU9,LU9_77,-113.42562000000001,56.057039999999994,348959.2384986668,6215081.003191185,2023-09-14,2024-09-09,NA,NA,LU9_2023
LU9,LU9_79,-113.76394,56.06759,327945.1989504297,6217046.498732634,2023-09-14,2024-09-10,NA,NA,LU9_2023
LU9,LU9_80,-113.73965000000001,56.06609,329450.185739927,6216819.340822431,2023-09-15,2024-09-10,NA,NA,LU9_2023
LU9,LU9_81,-113.52341,56.06139,342889.10768446105,6215783.230241707,2023-09-16,2024-02-09,"Retrived in field Sept 9. ""Error Replace SD"" upon retreival. Camera stopped taking photos after 09-Feb-2024 19:03:17",NA,LU9_2023
LU9,LU9_82,-113.47720000000001,56.068020000000004,345791.9996807646,6216416.675019162,2023-09-14,2024-09-09,NA,NA,LU9_2023
LU9,LU9_85,-113.77494,56.07789,327306.73636358336,6218219.842301777,2023-09-14,2024-09-10,NA,NA,LU9_2023
LU9,LU9_86,-113.52008,56.08713,343200.9717199162,6218639.439381805,2023-09-14,2024-09-09,NA,NA,LU9_2023
LU9,LU9_87,-113.44093000000001,56.07875000000001,348091.54901683994,6217530.068752799,2023-09-14,2024-09-09,NA,NA,LU9_2023
LU9,LU9_90,-113.33806999999999,56.09386,354548.51799951924,6218989.65439079,2023-09-13,2024-09-09,NA,NA,LU9_2023
LU9,LU9_93,-113.78277999999999,56.087939999999996,326864.0711750712,6219357.543220903,2023-09-16,2024-09-10,NA,NA,LU9_2023
LU9,LU9_94,-113.76354,56.09827000000001,328106.8120697979,6220458.650601982,2023-09-14,2024-09-10,NA,NA,LU9_2023
LU9,LU9_96,-113.50814,56.10025,343996.7647285445,6220072.090293532,2023-09-14,2024-09-09,NA,NA,LU9_2023
LU9,LU9_98,-113.47141,56.09850000000001,346273.81137041794,6219794.952977927,2023-09-14,2024-09-09,NA,NA,LU9_2023
LU9,LU9_27,-113.36397,55.969370000000005,352463.39553669083,6205193.500822302,2023-09-15,2024-09-09,NA,NA,LU9_2023
LU14,LU14_3,-112.30953,56.94589,420336.21882470045,6312125.769456703,2023-09-30,2024-09-30,NA,NA,LU14_2023
LU14,LU14_7,-112.41011000000002,56.9571,414243.7738258533,6313495.178990953,2023-09-30,2024-09-30,NA,NA,LU14_2023
LU14,LU14_8,-112.38725000000001,56.95589,415631.1661896453,6313332.052127257,2023-09-30,2024-09-30,NA,NA,LU14_2023
LU14,LU14_9,-112.36072999999999,56.95599,417244.13928227354,6313310.7568694,2023-09-30,2024-09-30,NA,NA,LU14_2023
LU14,LU14_100,-112.32694,57.21349,419856.3233502198,6341931.293747484,2023-09-26,2024-09-26,NA,NA,LU14_2023
LU14,LU14_102,-112.24976000000001,57.212180000000004,424514.8027022622,6341697.3515789015,2023-09-26,2024-09-26,NA,NA,LU14_2023
LU14,LU14_105,-112.42336,57.226420000000005,414063.35302271094,6343487.984663296,2023-09-26,2024-09-26,NA,NA,LU14_2023
LU14,LU14_110,-112.55233999999999,57.24136,406314.71765268134,6345320.896703065,2023-09-26,2024-09-27,NA,NA,LU14_2023
LU14,LU14_114,-112.3881,57.23443,416210.1987792412,6344335.62362766,2023-09-26,2024-09-26,NA,NA,LU14_2023
LU14,LU14_115,-112.3089,57.237610000000004,420997.39010993845,6344594.955181667,2023-09-26,2024-09-26,NA,NA,LU14_2023
LU14,LU14_120,-112.59342000000001,57.27318,403918.62523982994,6348919.772431652,2023-09-26,2024-09-27,NA,NA,LU14_2023
LU14,LU14_121,-112.5294,57.26169,407749.8451524951,6347552.379374946,2023-09-26,2024-09-27,NA,NA,LU14_2023
LU14,LU14_131,-112.27244999999999,57.28914,423304.45476634015,6350289.010309863,2023-09-26,2024-09-26,the black reconyx data bars on the top and bottom of each image glitched after image 534 but info still populated in timelapse,NA,LU14_2023
LU14,LU14_135,-112.36021000000001,57.32076,418085.54469904024,6353910.823777473,2023-09-26,2024-09-26,NA,NA,LU14_2023
LU14,LU14_16,-112.29803,56.959219999999995,421063.93906738283,6313596.093109183,2023-10-03,2024-09-27,NA,NA,LU14_2023
LU14,LU14_17,-112.19186,56.96855000000001,427538.0888221619,6314516.955820921,2023-10-03,2024-09-26,NA,NA,LU14_2023
LU14,LU14_19,-112.45065000000001,56.98159,411836.40365610167,6316272.524921992,2023-09-30,2024-09-30,NA,NA,LU14_2023
LU14,LU14_20,-112.43520000000001,56.97155,412751.826859002,6315135.234977585,2023-09-30,2024-09-30,NA,NA,LU14_2023
LU14,LU14_250,-112.16242,57.020590000000006,429426.42603792564,6320278.484541901,2023-10-02,2024-09-26,NA,NA,LU14_2023
LU14,LU14_30,-112.49358000000001,57.011739999999996,409300.9363864574,6319684.43367259,2023-09-30,2024-09-30,NA,NA,LU14_2023
LU14,LU14_31,-112.47708,57.00264,410280.9187900837,6318649.809394082,2023-09-30,2024-09-30,NA,NA,LU14_2023
LU14,LU14_33,-112.33829999999999,57.00923,418724.2495313491,6319209.576564437,2023-10-03,2024-09-27,NA,NA,LU14_2023
LU14,LU14_37,-112.10431,57.01992,432953.04854866746,6320145.36173619,2023-10-02,2024-09-26,NA,NA,LU14_2023
LU14,LU14_47,-112.55693,57.03347,405509.469917243,6322188.872381493,2023-09-30,2024-09-30,NA,NA,LU14_2023
LU14,LU14_48,-112.53831,57.031310000000005,406633.99521472526,6321922.852359931,2023-09-30,2024-09-30,NA,NA,LU14_2023
LU14,LU14_49,-112.51659000000001,57.02781,407943.48739405646,6321503.813706188,2023-09-30,2024-09-30,NA,NA,LU14_2023
LU14,LU14_51,-112.43441000000001,57.03178,412940.63235834654,6321837.896992686,2023-10-03,2024-09-27,NA,NA,LU14_2023
LU14,LU14_54,-112.59723000000001,57.04813000000001,403102.0806370251,6323876.9979516715,2023-09-30,2024-09-30,NA,NA,LU14_2023
LU14,LU14_56,-112.44809000000001,57.066,412191.2109344503,6325664.165930759,2023-10-03,2024-09-27,NA,NA,LU14_2023
LU14,LU14_57,-112.31251,57.04958,420376.7059290082,6323670.2989174295,2023-10-03,NA,Un retrievable due to flooding,NA,LU14_2023
LU14,LU14_61,-112.60669999999999,57.056,402548.2502697878,6324766.397424504,2023-09-30,2024-09-30,NA,NA,LU14_2023
LU14,LU14_62,-112.13074999999999,57.06214000000001,431425.6851036093,6324871.019883973,2023-10-02,2024-09-26,Field datasheet incorrectly states Oct 3 as start date,NA,LU14_2023
LU14,LU14_63,-112.60155,57.07264,402904.04106148647,6326611.067908779,2023-09-30,2024-09-30,NA,NA,LU14_2023
LU14,LU14_66,-112.60819,57.085910000000005,402536.3333226355,6328097.469171536,2023-09-30,2024-02-10,"Retrieved in field Sept 30. ""Error Replace SD"" message upon retreival. Camera stops capturing images after Feb 10th",NA,LU14_2023
LU14,LU14_70,-112.17182,57.0854,428979.5863553371,6327502.029904097,2023-10-02,2024-04-04,"Retrieved in field Sept  26. ""Error Replace SD"" message upon retreival. Camera stops capturing images after April 4th",NA,LU14_2023
LU14,LU14_71,-112.35362,57.099720000000005,417993.64808687,6329299.776270689,2023-10-03,2024-09-27,NA,NA,LU14_2023
LU14,LU14_72,-112.30749,57.099850000000004,420788.41671731626,6329259.748961244,2023-10-02,2024-09-27,NA,NA,LU14_2023
LU14,LU14_74,-112.29683,57.112590000000004,421461.140151398,6330665.45700316,2023-10-02,2024-09-27,NA,NA,LU14_2023
LU14,LU14_76,-112.31454000000001,57.133900000000004,420434.3718317401,6333057.904554643,2023-10-02,2024-09-27,NA,NA,LU14_2023
LU14,LU14_78,-112.39216,57.14869,415770.21368976025,6334797.315912318,2023-10-03,2024-09-27,NA,NA,LU14_2023
LU14,LU14_80,-112.14778,57.15258,430562.312907953,6334954.96085588,2023-10-02,2024-09-26,NA,NA,LU14_2023
LU14,LU14_84,-112.20978,57.163850000000004,426833.9554086697,6336274.237214656,2023-10-02,2024-08-06,"Retrieved in field Sept 26. ""Error Replace SD"" message upon retrieval. Camera stops capturing images after August 6th",NA,LU14_2023
LU14,LU14_85,-112.5036,57.17165,409084.7367175521,6337495.973138275,2023-10-03,2024-09-27,NA,NA,LU14_2023
LU14,LU14_86,-112.28728000000001,57.169940000000004,422159.9619625439,6337037.920845731,2023-09-26,2024-09-26,NA,NA,LU14_2023
LU14,LU14_88,-112.46383,57.191720000000004,411537.18728729326,6339677.503117145,2023-10-03,2024-09-27,NA,NA,LU14_2023
LU14,LU14_91,-112.12025,57.188190000000006,432292.8473643552,6338891.000647993,2023-09-26,2024-09-26,NA,NA,LU14_2023
LU14,LU14_92,-112.49829000000001,57.19552000000001,409464.17740180704,6340145.705398979,2023-09-26,2024-09-27,NA,NA,LU14_2023
LU14,LU14_96,-112.2138,57.19223000000001,426647.0918803796,6339437.485481922,2023-09-26,2024-09-26,NA,NA,LU14_2023
LU14,LU14_97,-112.54814,57.21857000000001,406510.52130139514,6342778.541420585,2023-09-26,2024-09-27,NA,NA,LU14_2023
LU14,LU14_75,-112.51261000000001,57.13144,408440.7147838744,6333032.567205313,2023-10-03,2024-09-27,NA,NA,LU14_2023
LU16,LU16_2,-111.00751000000001,57.209540000000004,499546.35060557805,6340711.352803083,2023-10-01,2024-09-28,NA,NA,LU16_2023
LU16,LU16_3,-110.98463000000001,57.21346,500928.34249181015,6341147.803411579,2023-10-01,2024-09-28,NA,NA,LU16_2023
LU16,LU16_15,-111.0137,57.25314,499173.4130368188,6345564.939668037,2023-10-01,2024-09-28,NA,NA,LU16_2023
LU16,LU16_20,-110.98528,57.26106,500887.9379566395,6346446.60630802,2023-10-01,2024-09-28,NA,NA,LU16_2023
LU16,LU16_200,-111.16485,57.344069999999995,490078.3191231738,6355699.261713245,2023-10-01,2024-09-28,NA,NA,LU16_2023
LU16,LU16_201,-111.22929,57.32199,486191.6527824921,6353252.527222611,2023-10-01,2024-09-28,NA,NA,LU16_2023
LU16,LU16_202,-111.238,57.313779999999994,485663.9233144941,6352340.385446687,2023-10-01,2024-09-28,NA,NA,LU16_2023
LU16,LU16_203,-111.26814,57.29753000000001,483841.302501033,6350538.179873571,2023-10-01,2024-09-28,NA,NA,LU16_2023
LU16,LU16_22,-111.04905000000001,57.268440000000005,497041.80392033607,6347269.117598976,2023-10-04,2024-09-28,NA,NA,LU16_2023
LU16,LU16_23,-110.99068000000001,57.269540000000006,500562.07068155945,6347390.543035926,2023-10-01,2024-09-28,NA,NA,LU16_2023
LU16,LU16_24,-110.98764000000001,57.280730000000005,500745.180972369,6348636.245774767,2023-10-01,2024-09-28,NA,NA,LU16_2023
LU16,LU16_25,-111.10986999999999,57.30696,493380.6813431815,6351561.458133927,2023-10-01,2024-09-28,NA,NA,LU16_2023
LU16,LU16_26,-111.11306,57.31717,493190.3816628011,6352698.35831867,2023-10-01,2024-09-28,NA,NA,LU16_2023
LU16,LU16_270,-111.50916000000001,57.51564,469498.8270391799,6374901.253665057,2023-10-04,2024-09-24,NA,NA,LU16_2023
LU16,LU16_28,-111.19855,57.33581,488047.36755534174,6354785.164663371,2023-10-01,2024-09-28,NA,NA,LU16_2023
LU16,LU16_300,-111.02139,57.21725,498708.18408881436,6341569.801156589,2023-10-01,2024-09-28,NA,NA,LU16_2023
LU16,LU16_301,-111.04526000000001,57.23484,497267.8930633397,6343528.61358946,2023-10-01,2024-09-28,NA,NA,LU16_2023
LU16,LU16_302,-111.01058,57.24204,499361.4657635176,6344329.25683307,2023-10-01,2024-09-28,NA,NA,LU16_2023
LU16,LU16_303,-111.02443,57.23633000000001,498525.3494731496,6343693.836669405,2023-10-01,2024-09-28,NA,NA,LU16_2023
LU16,LU16_313,-111.09251,57.28475,494423.206657136,6349087.47406007,2023-10-04,2024-09-28,NA,NA,LU16_2023
LU16,LU16_314,-111.06755000000001,57.25639,495924.74238844286,6345928.666751804,2023-10-04,2024-09-28,NA,NA,LU16_2023
LU16,LU16_36,-111.22568,57.33492,486413.82693455514,6354691.179117712,2023-10-01,2024-09-28,NA,NA,LU16_2023
LU16,LU16_37,-111.18068,57.33694,489123.466965191,6354907.960403221,2023-10-01,2024-09-28,NA,NA,LU16_2023
LU16,LU16_49,-111.53667,57.476150000000004,467816.13575744396,6370517.830688619,2023-10-04,2024-09-24,NA,NA,LU16_2023
LU16,LU16_52,-111.50632999999999,57.490520000000004,469647.51258792065,6372103.565916917,2023-10-04,2024-09-24,NA,NA,LU16_2023
LU16,LU16_54,-111.45537999999999,57.49797,472707.29465185467,6372911.303241753,2023-09-29,2024-09-24,NA,NA,LU16_2023
LU16,LU16_55,-111.4763,57.497910000000005,471453.44228097063,6372913.221408561,2023-09-29,2024-01-16,Retrieved in field Sept 24. Camera stops capturing images affter 16-Jan-2024 06:15:37,NA,LU16_2023
LU16,LU16_57,-111.43999000000001,57.50681,473636.04370392114,6373889.319387967,2023-09-29,2024-09-24,NA,NA,LU16_2023
LU16,LU16_58,-111.42342000000001,57.510479999999994,474631.44782109855,6374291.5653498685,2023-09-29,2024-09-24,NA,NA,LU16_2023
LU16,LU16_60,-111.40755000000001,57.52402,475591.31180495326,6375793.067812621,2023-10-04,2024-09-24,NA,NA,LU16_2023
LU16,LU16_62,-111.37714,57.524770000000004,477413.05747882463,6375866.039133837,2023-09-29,2024-09-24,NA,NA,LU16_2023
LU16,LU16_63,-111.1943,57.52407,488363.10957436805,6375742.044442952,2023-09-28,2024-09-24,NA,NA,LU16_2023
LU16,LU16_64,-111.39218,57.53079,476516.18665133795,6376541.3090869635,2023-09-29,2023-09-29,"Retrieved in field Sept 24. ""Card Error #114"" No data images captured. Stoped capturing images after slate photo.",NA,LU16_2023
LU16,LU16_67,-111.18156,57.51599,489123.7198196969,6374840.43221962,2023-09-28,2024-09-24,NA,NA,LU16_2023
LU16,LU16_68,-111.26984,57.53948,483845.7452324809,6377473.010881951,2023-09-28,2024-09-24,NA,NA,LU16_2023
LU16,LU16_69,-111.30865,57.535210000000006,481520.1921690339,6377007.553093511,2023-09-28,2024-09-24,NA,NA,LU16_2023
LU16,LU16_70,-111.23334,57.53098,486027.5990661376,6376518.656849171,2023-09-28,2024-09-24,NA,NA,LU16_2023
LU16,LU16_71,-111.24512000000001,57.54227,485326.7511516136,6377777.994959924,2023-09-28,2024-09-24,NA,NA,LU16_2023
LU16,LU16_72,-111.47166000000001,57.557649999999995,471777.7214232695,6379561.726046585,2023-09-28,2024-09-24,NA,NA,LU16_2023
LU16,LU16_73,-111.40896000000001,57.551489999999994,475525.2829041025,6378851.638033858,2023-09-28,2024-09-24,NA,NA,LU16_2023
LU16,LU16_74,-111.40054,57.54376,476024.10828720854,6377988.09998351,2023-09-29,2024-09-24,NA,NA,LU16_2023
LU16,LU16_75,-111.37522999999999,57.535410000000006,477533.9914569755,6377049.890490298,2023-09-29,2024-09-24,NA,NA,LU16_2023
LU16,LU16_77,-111.30955,57.548120000000004,481472.85844522377,6378444.995109329,2023-09-28,2024-09-24,"Camera is programmed 2 hrs behind, corrected",NA,LU16_2023
LU16,LU16_80,-111.32840999999999,57.538650000000004,480338.95865255286,6377396.057525969,2023-09-28,2024-09-24,NA,NA,LU16_2023
LU16,LU16_81,-111.29247,57.53815000000001,482490.3436169184,6377330.558845944,2023-09-28,2024-09-24,NA,NA,LU16_2023
LU16,LU16_83,-111.43022000000002,57.55526,474255.6212398843,6379279.191950018,2023-09-28,2024-09-24,NA,NA,LU16_2023
LU16,LU16_84,-111.41671000000001,57.55958,475067.0058125744,6379755.0692642555,2023-09-28,2024-09-24,NA,NA,LU16_2023
LU16,LU16_85,-111.39724000000001,57.55818,476231.03355933283,6379592.231949637,2023-09-29,2024-09-24,NA,NA,LU16_2023
LU16,LU16_88,-111.34637,57.542190000000005,479265.7563790622,6377795.48711883,2023-09-29,2024-09-24,"Camera is programmed 1 day behind, corrected",NA,LU16_2023
LU22,LU22_110,-115.04659000000001,57.08053,254792.95719879997,6333623.722998941,2023-09-20,2024-09-07,NA,NA,LU22_2023
LU22,LU22_48,-114.96295,56.93743,258933.16025275207,6317412.344329895,2023-09-20,2024-09-07,"Datasheet said end date was Sept 6, corrected manually",NA,LU22_2023
LU22,LU22_107,-114.94152000000003,57.07735,261135.14681068016,6332897.153754484,2023-09-20,2024-09-07,NA,NA,LU22_2023
LU22,LU22_49,-114.93654000000001,56.93194,260503.4466552032,6316708.9112661295,2023-09-20,2024-09-07,NA,NA,LU22_2023
LU22,LU22_103,-114.8876,57.06662,264332.6829815184,6331516.278376067,2023-09-20,2024-09-07,NA,NA,LU22_2023
LU22,LU22_44,-114.85826999999999,56.919599999999996,265184.8384491951,6315064.856075843,2023-09-20,2024-09-07,NA,NA,LU22_2023
LU22,LU22_21,-114.8343,56.87619,266371.7253169073,6310154.976880197,2023-09-19,2024-09-06,NA,NA,LU22_2023
LU22,LU22_15,-114.83212999999999,56.85428999999999,266367.2534645194,6307712.0058657015,2023-09-19,2024-09-06,NA,NA,LU22_2023
LU22,LU22_50,-114.81908,56.934889999999996,267663.63452772633,6316631.302107565,2023-09-19,2024-09-07,NA,NA,LU22_2023
LU22,LU22_38,-114.78486000000001,56.92197,269664.54082872334,6315078.523527502,2023-09-19,2024-01-28,"Retrieved in field Sept 7. ""Error Replace SD"" message upon retrieval. Camera stops capturing images after Jan 28.",NA,LU22_2023
LU22,LU22_22,-114.78460000000001,56.87814,269410.2287190327,6310203.0743030775,2023-09-19,2024-09-06,NA,NA,LU22_2023
LU22,LU22_85,-114.76451000000002,57.02431000000001,271530.1562545214,6326392.069336773,2023-09-20,2024-09-06,NA,NA,LU22_2023
LU22,LU22_33,-114.76378,56.893100000000004,270769.69631495234,6311796.827492304,2023-09-19,2024-09-06,NA,NA,LU22_2023
LU22,LU22_34,-114.75753,56.902,271204.5839913945,6312765.710889661,2023-09-19,2024-09-06,NA,NA,LU22_2023
LU22,LU22_11,-114.75189,56.8379,271156.30739386927,6305617.843248155,2023-09-19,2024-09-06,NA,NA,LU22_2023
LU22,LU22_29,-114.74471000000001,56.88538,271883.40026734845,6310874.4271014165,2023-09-19,2024-09-06,NA,NA,LU22_2023
LU22,LU22_86,-114.73642000000001,57.019310000000004,273203.4961111668,6325742.2786459,2023-09-20,2024-09-06,NA,NA,LU22_2023
LU22,LU22_80,-114.73636,57.00723,273133.5412556007,6324398.552516008,2023-09-20,2024-09-06,NA,NA,LU22_2023
LU22,LU22_17,-114.73563,56.864889999999995,272311.6009624169,6308565.307880576,2023-09-19,2024-09-06,NA,NA,LU22_2023
LU22,LU22_35,-114.73399,56.896010000000004,272600.68593854655,6312020.946460297,2023-09-19,2024-09-06,NA,NA,LU22_2023
LU22,LU22_63,-114.72468,56.97141,273624.84345899266,6320375.909842051,2023-09-20,2024-09-06,NA,NA,LU22_2023
LU22,LU22_30,-114.72423,56.880889999999994,273103.0447187025,6310306.890263161,2023-09-19,2024-09-06,NA,NA,LU22_2023
LU22,LU22_4,-114.71170000000001,56.820679999999996,273502.2828021118,6303568.890191709,2023-09-19,2024-09-06,NA,NA,LU22_2023
LU22,LU22_36,-114.70744,56.90241,274255.29882514535,6312644.720941468,2023-09-19,2024-09-06,NA,NA,LU22_2023
LU22,LU22_76,-114.69523,56.99687,275567.0643623868,6323110.345404952,2023-09-20,2024-09-06,NA,NA,LU22_2023
LU22,LU22_5,-114.68970999999999,56.822190000000006,274852.4875796503,6303664.229806572,2023-09-19,2024-09-06,NA,NA,LU22_2023
LU22,LU22_87,-114.6878,57.01785999999999,276144.28220286965,6325420.482061884,2023-09-20,2024-09-06,NA,NA,LU22_2023
LU22,LU22_25,-114.66645,56.8749,276585.5554839649,6309450.362244281,2023-09-19,2024-09-06,NA,NA,LU22_2023
LU22,LU22_89,-114.65742999999999,57.02902,278053.32658725674,6326562.528815917,2023-09-20,2024-09-06,NA,NA,LU22_2023
LU22,LU22_18,-114.64916000000001,56.86026,277551.5804849148,6307765.697105906,2023-09-19,2024-09-06,NA,NA,LU22_2023
LU22,LU22_32,-114.62615,56.88297,279087.53802371764,6310216.947386268,2023-09-19,2024-09-06,NA,NA,LU22_2023
LU22,LU22_8,-114.62565,56.837219999999995,278848.00271359447,6305126.875024515,2023-09-19,2024-09-06,NA,NA,LU22_2023
LU22,LU22_6,-114.62326,56.81301,278850.98982393485,6302426.444154083,2023-09-21,2023-10-22,"Retrieved in field Sept 6. Camera stops capturing images after Oct 22, 2023",NA,LU22_2023
LU22,LU22_81,-114.62210999999999,57.01878,280135.0234476422,6325309.263129374,2023-09-20,2024-09-06,NA,NA,LU22_2023
LU22,LU22_7,-114.61899,56.82454,279179.35745426046,6303695.049177172,2023-09-21,2024-09-06,NA,NA,LU22_2023
LU22,LU22_69,-114.6179,56.992160000000005,280233.41997249733,6322334.89756941,2023-09-20,2024-09-08,NA,NA,LU22_2023
LU22,LU22_70,-114.56931,56.99237000000001,283184.63930413144,6322202.89030534,2023-09-21,2024-09-07,NA,NA,LU22_2023
LU22,LU22_82,-114.55493,57.007130000000004,284143.2234376769,6323799.041054042,2023-09-21,2024-09-07,NA,NA,LU22_2023
LU22,LU22_94,-114.55387999999999,57.035720000000005,284372.62468652613,6326975.741215391,2023-09-21,2024-09-07,NA,NA,LU22_2023
LU22,LU22_101,-114.53072,57.051199999999994,285866.244138318,6328624.6327269785,2023-09-21,2024-09-07,NA,NA,LU22_2023
LU22,LU22_71,-114.52732,56.99336,285739.6665283183,6322180.439921975,2023-09-21,2024-09-07,NA,NA,LU22_2023
LU22,LU22_77,-114.50988,56.99992,286836.01852826326,6322855.512768574,2023-09-21,2024-09-07,NA,NA,LU22_2023
LU22,LU22_72,-114.49997,56.992560000000005,287395.5815441827,6322005.953942663,2023-09-21,2024-09-07,NA,NA,LU22_2023
LU22,LU22_65,-114.48563,56.9833,288213.6116218814,6320931.387649228,2023-09-21,2024-09-07,NA,NA,LU22_2023
LU22,LU22_60,-114.44941000000001,56.97107,290344.49425623624,6319459.248128993,2023-09-21,2024-09-07,NA,NA,LU22_2023
LU22,LU22_61,-114.41562000000002,56.96989,292390.6926155946,6319224.763035239,2023-09-21,2024-09-07,NA,NA,LU22_2023
LU22,LU22_53,-114.40262000000001,56.95737999999999,293111.12388462963,6317793.768159278,2023-09-21,2024-09-07,NA,NA,LU22_2023
LU22,LU22_46,-114.39758,56.9445,293346.12822672783,6316345.805062288,2023-09-21,2024-09-07,NA,NA,LU22_2023
LU22,LU22_40,-114.38989,56.925920000000005,293711.0458081497,6314255.816636079,2023-09-21,2024-09-07,NA,NA,LU22_2023
LU22,LU22_47,-114.38641,56.93777,293988.0827720766,6315563.455030292,2023-09-21,2024-09-07,NA,NA,LU22_2023
LU4,LU4_N15_24,-111.87921,55.914489999999994,445045.3837896178,6196911.838385494,2024-09-22,NA,still deployed as of 2025-09-22,D1,LU4_2024
LU4,LU4_M14_24,-111.90018,55.91824,443740.1341503732,6197346.035651333,2024-09-22,NA,still deployed as of 2025-09-22,D1,LU4_2024
LU4,LU4_J14_24,-111.95599,55.933510000000005,440275.70051397185,6199092.234626255,2024-09-22,NA,still deployed as of 2025-09-22,D1,LU4_2024
LU4,LU4_J15_24,-111.95122000000002,55.92326,440558.0014876725,6197947.400306579,2024-09-22,NA,still deployed as of 2025-09-22,D1,LU4_2024
LU4,LU4_I12_24,-111.98608,55.94541,438414.8170074222,6200442.979521334,2024-09-21,NA,still deployed as of 2025-09-22,D1,LU4_2024
LU4,LU4_I13_24,-111.97481,55.93436,439101.319312145,6199203.2432150645,2024-09-22,NA,still deployed as of 2025-09-22,D1,LU4_2024
LU4,LU4_Q10_24,-111.80965,55.97324,449469.640626851,6203397.178945236,2024-09-22,NA,still deployed as of 2025-09-22,D1,LU4_2024
LU4,LU4_O10_24,-111.85977999999999,55.97773,446347.32125933236,6203934.657544599,2024-09-22,NA,still deployed as of 2025-09-22,D1,LU4_2024
LU4,LU4_R7_24,-111.79310000000001,56.027190000000004,450571.41123993555,6209389.479389067,2024-09-22,NA,still deployed as of 2025-09-22,D1,LU4_2024
LU4,LU4_R9_24,-111.78338,56.00365,451147.4757731475,6206762.714588829,2024-09-22,NA,still deployed as of 2025-09-22,D1,LU4_2024
LU4,LU4_T8_24,-111.7458,56.0117,453500.6287795085,6207632.701455218,2024-09-22,NA,still deployed as of 2025-09-22,D1,LU4_2024
LU4,LU4_O16_24,-111.8605,55.892340000000004,446184.15061247424,6194432.040309359,2024-09-21,NA,still deployed as of 2025-09-22,D1,LU4_2024
LU4,LU4_J26_24,-111.94558,55.76973000000001,440677.0635024017,6180856.3820716,2024-09-21,NA,still deployed as of 2025-09-22,D1,LU4_2024
LU4,LU4_K25_24,-111.93428000000002,55.780910000000006,441402.7459947823,6182090.963468305,2024-09-21,NA,still deployed as of 2025-09-22,D1,LU4_2024
LU4,LU4_L23_24,-111.91465000000002,55.805879999999995,442670.57455715165,6184853.405779424,2024-09-21,NA,still deployed as of 2025-09-22,D1,LU4_2024
LU4,LU4_H26_24,-112.00691,55.77022,436830.3310184401,6180965.119132385,2024-09-21,NA,still deployed as of 2025-09-22,D1,LU4_2024
LU4,LU4_K23_24,-111.93501,55.795260000000006,441378.51605547394,6183688.563819422,2024-09-21,NA,still deployed as of 2025-09-22,D1,LU4_2024
LU4,LU4_J21_24,-111.95554,55.83117,440146.5459040875,6187702.4866285315,2024-09-21,NA,still deployed as of 2025-09-22,D1,LU4_2024
LU4,LU4_I21_24,-111.98164000000001,55.83113,438511.67989148677,6187720.903327952,2024-09-21,NA,still deployed as of 2025-09-22,D1,LU4_2024
LU4,LU4_N30_24,-111.86361000000001,55.71499,445743.5749300306,6174697.346569824,2024-09-21,NA,still deployed as of 2025-09-22,D1,LU4_2024
LU4,LU4_O23_24,-111.85566999999999,55.797320000000006,446355.5145783655,6183853.529044293,2024-09-21,NA,still deployed as of 2025-09-22,D1,LU4_2024
LU4,LU4_O22_24,-111.85468,55.819039999999994,446447.40636939445,6186269.965314373,2024-09-21,NA,still deployed as of 2025-09-22,D1,LU4_2024
LU4,LU4_L18_24,-111.92156000000001,55.87907,442345.89575142623,6193004.396961214,2024-09-21,NA,still deployed as of 2025-09-22,D1,LU4_2024
LU4,LU4_L17_24,-111.92601,55.893150000000006,442088.47547186527,6194575.074030929,2024-09-21,NA,still deployed as of 2025-09-22,D1,LU4_2024
LU4,LU4_K17_24,-111.94687,55.88441999999999,440770.665528935,6193621.170647765,2024-09-21,NA,still deployed as of 2025-09-22,D1,LU4_2024
LU4,LU4_K19_24,-111.92846999999999,55.859559999999995,441884.48304182885,6190838.916740796,2024-09-21,NA,still deployed as of 2025-09-22,D1,LU4_2024
LU4,LU4_I22_24,-111.98206,55.81486999999999,438459.71056197485,6185911.732647317,2024-09-21,NA,still deployed as of 2025-09-22,D1,LU4_2024
LU4,LU4_Q20_24,-111.80308,55.84694,449716.49368591985,6189336.267016291,2024-09-20,NA,still deployed as of 2025-09-22,D1,LU4_2024
LU4,LU4_V25_24,-111.70454000000001,55.78956,455821.32448916027,6182883.218244597,2024-09-20,NA,still deployed as of 2025-09-22,D1,LU4_2024
LU4,LU4_P22_24,-111.82844999999999,55.82927,448104.5045432968,6187388.488761806,2024-09-20,NA,still deployed as of 2025-09-22,D1,LU4_2024
LU4,LU4_O21_24,-111.85242,55.83902,446616.38199904806,6188491.787140376,2024-09-20,NA,still deployed as of 2025-09-22,D1,LU4_2024
LU4,LU4_P17_24,-111.82772999999999,55.88746999999999,448227.05608047557,6193865.05219226,2024-09-20,NA,still deployed as of 2025-09-22,D1,LU4_2024
LU4,LU4_Q16_24,-111.81104,55.90385,449292.32585898606,6195675.642102487,2024-09-20,NA,still deployed as of 2025-09-22,D1,LU4_2024
LU4,LU4_V19_24,-111.70020000000001,55.86918,456183.0611816249,6191741.458703699,2024-09-20,NA,still deployed as of 2025-09-22,D1,LU4_2024
LU4,LU4_O17_24,-111.85127,55.87772,446741.36534570495,6192797.830986013,2024-09-20,NA,still deployed as of 2025-09-22,D1,LU4_2024
LU4,LU4_W19_24,-111.68882999999998,55.85603,456879.99377200264,6190270.831942253,2024-09-20,NA,still deployed as of 2025-09-22,D1,LU4_2024
LU4,LU4_Y25_24,-111.63432999999999,55.77042,460204.3211804763,6180710.572467722,2024-09-20,NA,still deployed as of 2025-09-22,D1,LU4_2024
LU4,LU4_S17_24,-111.7704,55.89083,451817.01919703634,6194197.585022041,2024-09-20,NA,still deployed as of 2025-09-22,D1,LU4_2024
LU4,LU4_S18_24,-111.77399,55.87502,451572.8163769387,6192440.5735071385,2024-09-20,NA,still deployed as of 2025-09-22,D1,LU4_2024
LU4,LU4_R14_24,-111.78384,55.92705,451022.13522393536,6198238.013036998,2024-09-20,NA,still deployed as of 2025-09-22,D1,LU4_2024
LU4,LU4_V17_24,-111.69994,55.89145,456224.3982533385,6194219.767912953,2024-09-20,NA,still deployed as of 2025-09-22,D1,LU4_2024
LU4,LU4_U15_24,-111.72498,55.912350000000004,454682.75165997946,6196561.899089807,2024-09-20,NA,still deployed as of 2025-09-22,D1,LU4_2024
LU4,LU4_M12_24,-111.90623000000001,55.95113,443409.9941451427,6201011.331288654,2024-09-22,NA,still deployed as of 2025-09-22,D1,LU4_2024
LU4,LU4_O13_24,-111.86098,55.94499,446227.0644478283,6200291.892595046,2024-09-22,NA,still deployed as of 2025-09-22,D1,LU4_2024
LU4,LU4_P15_24,-111.81956000000001,55.917579999999994,448777.7560341754,6197209.950818497,2024-09-22,NA,still deployed as of 2025-09-22,D1,LU4_2024
LU4,LU4_E15_24,-112.06311000000001,55.905030000000004,433535.06707010965,6196020.418775275,2024-09-19,NA,still deployed as of 2025-09-22,D1,LU4_2024
LU4,LU4_G17_24,-112.02958,55.88353,435595.65075987164,6193596.00716159,2024-09-19,NA,still deployed as of 2025-09-22,D1,LU4_2024
LU4,LU4_G13_24,-112.03049,55.94081,435633.69043701194,6199971.489145523,2024-09-19,NA,still deployed as of 2025-09-22,D1,LU4_2024
LU4,LU4_G12_24,-112.01728000000001,55.94603,436467.32518829603,6200540.205061694,2024-09-19,NA,still deployed as of 2025-09-22,D1,LU4_2024
LU4,LU4_F14_24,-112.04711000000002,55.92842,434574.73952891055,6198608.210024544,2024-09-19,NA,still deployed as of 2025-09-22,D1,LU4_2024
LU3,LU3_102_24,-110.85664,55.33079,509094.92534079193,6131611.765355075,2024-09-19,2025-09-13,NA,D1,LU3_2024
LU3,LU3_5_24,-110.86115000000001,55.3405,508806.65204146574,6132691.763673473,2024-09-18,NA,destroyed by fire (M122). No redeployment.,D1,LU3_2024
LU3,LU3_103_24,-110.82492,55.33155,511107.06451494194,6131700.941155893,2024-09-18,NA,destroyed by fire (HLPXN10080599). New cam redeployed.,D1,LU3_2024
LU3,LU3_131_24,-110.79507,55.33242,513000.4592461557,6131802.923897924,2024-09-18,NA,destroyed by fire (HLPXN10081023). No redeployment. Last pic May 29,D1,LU3_2024
LU3,LU3_39_24,-111.24130000000001,55.46697,484744.1933031013,6146783.843515233,2024-09-18,2025-09-13,NA,D1,LU3_2024
LU3,LU3_18_24,-111.11601,55.53701,492678.4541472719,6154558.1167814415,2024-09-18,2025-09-13,NA,D1,LU3_2024
LU3,LU3_20_24,-111.04176000000001,55.526740000000004,497363.7833486548,6153409.86193821,2024-09-18,2025-09-15,NA,D1,LU3_2024
LU3,LU3_19_24,-111.07006,55.52441,495577.0056655511,6153151.996633201,2024-09-18,2025-09-15,NA,D1,LU3_2024
LU3,LU3_111_24,-111.11929,55.39867,492445.04310492886,6139162.954261384,2024-09-18,2025-09-13,NA,D1,LU3_2024
LU3,LU3_AB21_24,-110.92094,55.353739999999995,505012.7609062595,6134159.2498757215,2024-09-18,2025-09-13,NA,D1,LU3_2024
LU3,LU3_27_24,-110.96258,55.551339999999996,502360.7678135672,6156147.412361896,2024-09-18,2025-09-15,NA,D1,LU3_2024
LU3,LU3_36_24,-111.22444,55.44802,485803.33317625197,6144671.384053836,2024-09-18,2025-09-15,NA,D1,LU3_2024
LU3,LU3_40_24,-111.16622000000001,55.47228,489492.4127758119,6147360.873282464,2024-09-18,2025-09-13,NA,D1,LU3_2024
LU3,LU3_41_24,-111.16662000000001,55.46191,489464.36209566524,6146206.88338582,2024-09-18,2025-09-13,NA,D1,LU3_2024
LU3,LU3_52_24,-110.89193,55.56309,506815.92771225446,6157459.726517699,2024-09-17,2025-09-14,NA,D1,LU3_2024
LU3,LU3_15_24,-110.79481000000001,55.49429,512963.8421650483,6149816.891813893,2024-09-17,NA,destroyed by fire (ACME-2022-38). No redeployment.,D1,LU3_2024
LU3,LU3_44_24,-110.84861000000001,55.50127,509563.0863016951,6150584.965791902,2024-09-17,2025-09-14,NA,D1,LU3_2024
LU3,LU3_17_24,-110.85306999999999,55.512170000000005,509278.7909548461,6151797.402366916,2024-09-17,2025-09-14,NA,D1,LU3_2024
LU3,LU3_147_24,-110.84389,55.538610000000006,509851.90837568906,6154741.13376434,2024-09-17,2025-09-14,NA,D1,LU3_2024
LU3,LU3_51_24,-110.82727,55.55735,510895.59031357325,6156829.168917988,2024-09-17,2025-09-13,NA,D1,LU3_2024
LU3,LU3_AH7_24,-110.78812,55.550219999999996,513367.53903649177,6156042.514746911,2024-09-17,NA,destroyed by fire (ACME-2022-37). No redeployment.,D1,LU3_2024
LU3,LU3_126_24,-110.77219,55.55331,514371.435619946,6156389.5771635845,2024-09-17,NA,destroyed by fire (HLPXHN100080928). No redeployment.,D1,LU3_2024
LU3,LU3_129_24,-110.82378999999999,55.5796,511108.8228758167,6159305.905737386,2024-09-17,2025-02-15,last pic (2024-25) is Feb 15,D1,LU3_2024
LU3,LU3_28_24,-110.88823,55.55165999999999,507051.3314107409,6156188.060772927,2024-09-14,2025-09-14,NA,D1,LU3_2024
LU3,LU3_AH14_24,-110.8048,55.44932,512346.7245904381,6144810.478736508,2024-09-14,NA,destroyed by fire (ACME-2023-53). No redeployment.,D1,LU3_2024
LU3,LU3_38_24,-110.76325000000001,55.44714,514975.6519708126,6144576.03264552,2024-09-14,NA,destroyed by fire (ACME-2022-24). No redeployment.,D1,LU3_2024
LU3,LU3_13_24,-111.11476,55.50204,492750.9177368985,6150666.228579591,2024-09-16,2025-09-13,NA,D1,LU3_2024
LU3,LU3_25_24,-110.90795000000001,55.54145,505808.74428192043,6155049.975550907,2024-09-14,2025-09-14,Slate photo is 20min ahead. Correct time is 14:21,D1,LU3_2024
LU3,LU3_21_24,-110.91692000000002,55.523540000000004,505245.0822769797,6153056.081128608,2024-09-14,2025-09-14,NA,D1,LU3_2024
LU3,LU3_AC10_24,-110.89947,55.49767,506350.91480480705,6150178.507739998,2024-09-14,2025-09-14,NA,D1,LU3_2024
LU3,LU3_46_24,-110.89547999999999,55.50836,506601.19165946235,6151368.549934033,2024-09-14,2025-09-14,NA,D1,LU3_2024
LU3,LU3_10_24,-110.78262000000001,55.432,513755.66667115415,6142887.151518168,2024-09-14,2025-09-14,destroyed by fire (ACME-2023-31). No redeployment.,D1,LU3_2024
LU3,LU3_AE12_24,-110.86,55.46934,508850.751430867,6147030.038883708,2024-09-14,2025-09-14,NA,D1,LU3_2024
LU3,LU3_7_24,-110.75069,55.406259999999996,515786.43453883985,6140029.417647693,2024-09-14,2025-09-14,destroyed by fire (ACME-2023-33). No redeployment.,D1,LU3_2024
LU3,LU3_14_24,-111.09359,55.50077,494087.9792761916,6150522.88880969,2024-09-12,NA,"camera stopped early (acme-2024-65), power issues?",D1,LU3_2024
LU3,LU3_137_24,-111.19794,55.425580000000004,487472.4497903948,6142169.019932412,2024-09-13,NA,"no photos from 2024-25, camera was not armed properly",D1,LU3_2024
LU3,LU3_M20_24,-111.22409,55.36191,485794.61915254686,6135088.4636045005,2024-09-13,2025-09-15,NA,D1,LU3_2024
LU3,LU3_L22_24,-111.25957,55.34597,483538.8856617146,6133322.389569685,2024-09-13,2025-09-15,NA,D1,LU3_2024
LU3,LU3_J23_24,-111.29207,55.33335,481471.9549651659,6131926.13800034,2024-09-13,2025-09-15,NA,D1,LU3_2024
LU3,LU3_U6_24,-111.07124,55.54963,495505.3877810266,6155958.776458508,2024-09-13,2025-09-15,NA,D1,LU3_2024
LU3,LU3_L16_24,-111.25236999999998,55.43167,484030.0601543298,6142857.901089158,2024-09-13,2025-09-15,NA,D1,LU3_2024
LU3,LU3_N18_24,-111.20204,55.39662,487203.6067453993,6138946.91435419,2024-09-13,2025-09-15,NA,D1,LU3_2024
LU3,LU3_L15_24,-111.26420000000002,55.43909,483284.5967510785,6143686.426317057,2024-09-13,2025-09-15,NA,D1,LU3_2024
LU3,LU3_32_24,-111.20446000000001,55.40956,487054.56410325086,6140387.404688433,2024-09-13,2025-09-15,NA,D1,LU3_2024
LU3,LU3_W7_24,-111.02058,55.535720000000005,498701.1259231465,6154408.635222381,2024-09-13,2025-09-15,NA,D1,LU3_2024
LU3,LU3_45_24,-110.96526000000001,55.51741,502193.5785402974,6152371.295662192,2024-09-13,2025-09-15,NA,D1,LU3_2024
LU3,LU3_50_24,-111.03038,55.55157,498083.3856762018,6156172.792156921,2024-09-13,2025-09-15,NA,D1,LU3_2024
LU3,LU3_49_24,-111.07929,55.55693,494998.4314159951,6156771.737134828,2024-09-13,2025-09-15,NA,D1,LU3_2024
LU3,LU3_Y8_24,-110.99135000000001,55.529,500546.02412586694,6153660.616354126,2024-09-13,2025-09-15,NA,D1,LU3_2024
LU3,LU3_48_24,-111.09758000000001,55.54882,493843.44127494295,6155870.65121995,2024-09-12,2025-09-13,NA,D1,LU3_2024
LU2,LU2_21_24,-111.62406,54.94687,460027.3340244813,6089057.401158405,2024-10-02,2025-09-16,NA,D1,LU2_2024
LU2,LU2_34_24,-111.40060000000001,54.884809999999995,474300.9149857187,6082046.805394434,2024-10-03,2025-09-17,NA,D1,LU2_2024
LU2,LU2_O25_24,-111.51841,54.860679999999995,466723.41985154746,6079411.317609565,2024-10-03,2025-09-18,"2025 slate date incorrect, correct date is Sept 18",D1,LU2_2024
LU2,LU2_W21_24,-111.34402000000001,54.91412,477946.6120422653,6085289.02539836,2024-10-03,2025-09-17,"2025 slate date incorrect, correct date is Sept 17",D1,LU2_2024
LU2,LU2_36_24,-111.35772,54.92016,477071.8118255624,6085965.537869067,2024-10-03,2025-09-17,NA,D1,LU2_2024
LU2,LU2_15_24,-111.38596,54.907849999999996,475254.2172667281,6084605.336605655,2024-10-03,2025-09-17,NA,D1,LU2_2024
LU2,LU2_13_24,-111.40118000000001,54.8979,474272.0508997198,6083503.622214815,2024-10-03,2025-09-17,NA,D1,LU2_2024
LU2,LU2_5_24,-111.40779,54.873039999999996,473832.0437775048,6080739.750707543,2024-10-03,2025-09-17,NA,D1,LU2_2024
LU2,LU2_101_24,-111.41917000000001,54.865970000000004,473097.08427869837,6079957.3425053265,2024-10-03,2025-09-17,NA,D1,LU2_2024
LU2,LU2_32_24,-111.44619000000002,54.862320000000004,471360.32775316475,6079561.897585535,2024-10-03,2025-09-17,NA,D1,LU2_2024
LU2,LU2_Q24_24,-111.46043,54.868210000000005,470450.6163813178,6080223.222978457,2024-10-03,2025-09-17,NA,D1,LU2_2024
LU2,LU2_56_24,-111.39801,55.016639999999995,474550.49241977156,6096715.528986035,2024-10-04,2025-09-16,NA,D1,LU2_2024
LU2,LU2_I15_24,-111.62073999999998,54.995160000000006,460287.6590341225,6094429.039889055,2024-10-04,2025-09-17,NA,D1,LU2_2024
LU2,LU2_L20_24,-111.56727000000001,54.93042,463650.00384052825,6087195.952047442,2024-10-04,2025-09-16,NA,D1,LU2_2024
LU2,LU2_L46_24,-111.51447,54.96862,467064.58079108014,6091420.575157723,2024-10-04,2025-09-16,NA,D1,LU2_2024
LU2,LU2_110_24,-111.47915,54.91793,469287.0690385561,6085763.908015865,2024-10-04,2025-09-16,NA,D1,LU2_2024
LU2,LU2_39_24,-111.49609000000001,54.92215000000001,468204.57209971064,6086241.055580542,2024-10-04,2025-09-16,NA,D1,LU2_2024
LU2,LU2_17_24,-111.50965000000001,54.92506,467337.8487828884,6086571.111488048,2024-10-04,2025-09-16,NA,D1,LU2_2024
LU2,LU2_155_24,-111.40743,54.97483,473921.0633662538,6092066.466140091,2024-10-04,2025-09-16,NA,D1,LU2_2024
LU2,LU2_50_24,-111.49672000000001,54.97717,468207.64763416816,6092363.783346288,2024-10-04,2025-09-16,NA,D1,LU2_2024
LU2,LU2_O16_24,-111.52131,54.979839999999996,466636.0034560033,6092672.343633317,2024-10-04,2025-09-16,NA,D1,LU2_2024
LU2,LU2_U13_24,-111.39526000000001,55.026390000000006,474732.46447249805,6097799.496933406,2024-10-04,2025-09-16,NA,D1,LU2_2024
LU2,LU2_44_24,-111.42572999999999,54.95451,472735.95999022684,6089812.285579418,2024-10-04,NA,"camera stopped in Nov (ACME-2022-108), swapped. Power issues?",D1,LU2_2024
LU2,LU2_143_24,-111.43223,54.93753,472308.02955046843,6087925.3548767585,2024-10-04,2025-09-16,NA,D1,LU2_2024
LU2,LU2_18_24,-111.4588,54.92096,470593.67907244794,6086092.337956357,2024-10-04,2025-09-16,NA,D1,LU2_2024
LU2,LU2_52_24,-111.40191000000002,54.99469,474287.08418784,6094274.3994205855,2024-10-04,2025-09-16,bumped time forward 5min upon deployment,D1,LU2_2024
LU2,LU2_123_24,-111.66807999999999,55.006530000000005,457271.174934234,6095722.154882478,2024-10-02,2025-09-17,NA,D1,LU2_2024
LU2,LU2_H16_24,-111.64069,54.98771,459003.76644595776,6093611.538705647,2024-10-02,2025-09-17,NA,D1,LU2_2024
LU2,LU2_27_24,-111.65131,55.00157,458338.58878894575,6095160.105699078,2024-10-02,2025-09-17,NA,D1,LU2_2024
LU2,LU2_31_24,-111.47424000000001,54.864279999999994,469561.3674520007,6079791.823501855,2024-10-03,2025-09-17,NA,D1,LU2_2024
LU2,LU2_3_24,-111.48871,54.87183999999999,468638.5004979982,6080639.446630126,2024-10-03,2025-09-17,NA,D1,LU2_2024
LU2,LU2_J27_24,-111.59897,54.839819999999996,461532.515630358,6077131.372793152,2024-10-03,2025-09-18,NA,D1,LU2_2024
LU2,LU2_E27_24,-111.70158,54.83282,454934.9270701873,6076413.607732167,2024-10-03,2025-09-17,NA,D1,LU2_2024
LU2,LU2_G25_24,-111.67183999999999,54.85085999999999,456864.45181876316,6078402.264649514,2024-10-02,2025-09-18,some photos turned pink. Broken cam is acme-2022-69,D1,LU2_2024
LU2,LU2_G26_24,-111.68176999999999,54.841739999999994,456217.031867936,6077393.608209671,2024-10-02,2025-09-17,NA,D1,LU2_2024
LU2,LU2_106_24,-111.78869,54.88797999999999,449408.7373521994,6082610.908285439,2024-10-02,2025-09-17,NA,D1,LU2_2024
LU2,LU2_20_24,-111.63141,54.95559,459565.3082987853,6090031.948715524,2024-10-02,2025-09-17,NA,D1,LU2_2024
LU2,LU2_25_24,-111.63927,54.97014,459076.7624428341,6091655.583668354,2024-10-02,2025-09-17,NA,D1,LU2_2024
LU2,LU2_40_24,-111.58346999999999,54.93741,462618.4222332672,6087982.302227784,2024-10-02,2025-09-16,Note new site name with _25 suffix due to repositioning. Slate site name incorrect.,D1,LU2_2024
LU2,LU2_38_24,-111.52653,54.926190000000005,466257.00908475154,6086704.859157451,2024-10-02,2025-09-16,NA,D1,LU2_2024
LU2,LU2_137_24,-111.59857,54.94318,461656.5025904858,6088632.532240364,2024-10-02,2025-09-16,NA,D1,LU2_2024
LU2,LU2_47_24,-111.64789,54.97665,458531.66428341315,6092385.066646826,2024-10-02,2025-09-17,NA,D1,LU2_2024
LU2,LU2_26_24,-111.41757000000001,54.967879999999994,473267.40669854614,6091296.914331258,2024-10-04,2025-09-16,NA,D1,LU2_2024
LU2,LU2_H26_24,-111.64287999999999,54.85124999999999,458724.2025626897,6078428.218025239,2024-10-04,2025-09-18,NA,D1,LU2_2024
LU2,LU2_29_24,-111.56652000000001,54.85591,463630.9943198132,6078904.448064876,2024-10-02,2025-09-18,NA,D1,LU2_2024
LU2,LU2_K26_24,-111.59702000000001,54.84896,461666.41321419,6078147.349475866,2024-10-02,2025-09-18,NA,D1,LU2_2024
LU2,LU2_100_24,-111.76685,54.99394,450938.83814397984,6094386.000162612,2024-10-02,2025-09-17,NA,D1,LU2_2024
LU2,LU2_30_24,-111.601,54.8581,461419.5912302216,6079166.580568524,2024-10-02,2025-09-18,NA,D1,LU2_2024
LU2,LU2_33_24,-111.50657,54.86689,467488.41550255707,6080096.776342232,2024-10-02,2025-09-17,NA,D1,LU2_2024
LU2,LU2_M25_24,-111.54182000000002,54.86258,465222.38885593,6079634.109292145,2024-10-02,2025-09-18,NA,D1,LU2_2024
LU8,LU8_N19_24,-112.02212999999999,57.35516,438501.8375585801,6357383.715627776,2024-10-01,2025-09-11,NA,D1,LU8_2024
LU8,LU8_M19_24,-112.02953,57.346869999999996,438042.66120922426,6356467.634421413,2024-10-01,2025-09-11,NA,D1,LU8_2024
LU8,LU8_N20_24,-112.00639,57.341339999999995,439426.0668459976,6355831.233854353,2024-10-01,2025-09-11,NA,D1,LU8_2024
LU8,LU8_O20_24,-111.98232,57.33569,440865.68529422005,6355181.137598242,2024-10-01,2025-09-11,NA,D1,LU8_2024
LU8,LU8_N18_24,-112.00683,57.366550000000004,439441.111121024,6358637.863542633,2024-10-01,2025-09-11,NA,D1,LU8_2024
LU8,LU8_S25_24,-111.90127000000001,57.27087,445649.0859404142,6347898.178225402,2024-09-25,2025-09-10,NA,D1,LU8_2024
LU8,LU8_AC29_24,-111.69046,57.21347,458296.8913592,6341360.063809865,2024-09-25,2025-09-10,NA,D1,LU8_2024
LU8,LU8_AC28_24,-111.68562,57.22453000000001,458601.6036401342,6342588.266933158,2024-09-25,2025-09-10,NA,D1,LU8_2024
LU8,LU8_AB29_24,-111.71024000000001,57.22901000000001,457120.25331731973,6343102.187793406,2024-09-24,2025-09-10,NA,D1,LU8_2024
LU8,LU8_AC30_24,-111.69106000000001,57.202020000000005,458247.72899442085,6340085.866323227,2024-09-25,2025-09-10,NA,D1,LU8_2024
LU8,LU8_T25_24,-111.87669999999999,57.27803000000001,447140.98680703744,6348675.8519070875,2024-09-25,2025-09-10,NA,D1,LU8_2024
LU8,LU8_S24_24,-111.89812,57.27964,445851.9143511928,6348871.897620337,2024-09-25,2025-09-10,NA,D1,LU8_2024
LU8,LU8_AE29_24,-111.64945,57.21758,460778.1700861935,6341793.223879603,2024-09-25,2025-09-10,NA,D1,LU8_2024
LU8,LU8_AD29_24,-111.6539,57.22887000000001,460521.4887696223,6343052.555114451,2024-09-25,2025-09-10,NA,D1,LU8_2024
LU8,LU8_AD28_24,-111.66135,57.243570000000005,460087.59500036493,6344693.248412146,2024-09-25,2025-09-10,NA,D1,LU8_2024
LU8,LU8_AD27_24,-111.66636,57.25323,459795.76607785386,6345771.513475584,2024-09-25,2025-09-10,NA,D1,LU8_2024
LU8,LU8_AC24_24,-111.68489,57.283730000000006,458711.938631893,6349177.765108297,2024-09-25,2025-09-10,NA,D1,LU8_2024
LU8,LU8_AC25_24,-111.69252999999999,57.266540000000006,458231.9177839327,6347268.886095423,2024-09-25,2025-09-10,NA,D1,LU8_2024
LU8,LU8_AC31_24,-111.67786,57.18302,459024.1953173362,6337962.862029885,2024-09-25,2025-09-10,NA,D1,LU8_2024
LU8,LU8_AB31_24,-111.69509,57.19288,457993.87517641636,6339070.918643813,2024-09-25,2025-09-10,NA,D1,LU8_2024
