Array,Deploy Date,Deploy Time,Crew,Grid Cell #,Site,Camera Unit #,SD Card #,Lat,Long,GPS Label,Ecosite,Camera Site Description,Topography,Grade (%),Elevation (m),Distance to Trail (m),Camera Direction,Trail Use Rating,Distance to Lure,Comments and Access Notes,Photos taken
LU04,22-Sep-24,11:43,AB MC,LU04-N15,LU04-N15-24,ACME M105,OSM-22-25,55.91449,-111.87921,LU04-N15-24,Conifer,Thick conifer on edge of cutline,Flat,0,704,1,N,1,5,NA,Y
LU04,22-Sep-24,11:00,MC AB,LU04-M14,LU04-M14-24,ACME-2023-79,OSM-24-132,55.91824,-111.90018,LU04-M14-24,Conifer,NA,Flat,0,695,1,NW,3,3,NA,Y
LU04,22-Sep-24,16:10,MC AB,LU04-J14,LU04-J14-24,ACME-2023-19,OSM-24-095,55.93351,-111.95599,LU04-J14-24,Conifer,NA,Flat,0,694,1,NE,2,4,NA,Y
LU04,22-Sep-24,14:53,AB MC,LU04-J15,LU04-J15-24,ACME-2022-09,OSM-24-082,55.92326,-111.95122,LU04-J15-24,Conifer,Real nice trail,Flat,0,696,1,N,3,6,NA,Y
LU04,21-Sep-24,NA,MB SM,I-12,LU04-I12-24,ACME-2022-36,OSM-24-086,55.94541,-111.98608,LU04-I12-24,Mixed,"Very old cutline, shrubs moss, lab tea, and black spruce",Flat,0,706,2,W,3,5,Heli. Land in old well pad E of point and run LOL,Y
LU04,22-Sep-24,15:06,MB SM,LU04-I13,LU04-I13-24,ACME-2022-20,OSM-24-081,55.93436,-111.97481,LU04-I13-24,Conifer,"Waterfront, very scenic. Also very wet",NA,NA,694,1,N,2,8,"Heli. Land by lake, bit of a tough walk. ",Y
LU04,22-Sep-24,14:05,MB SM,Q-10,LU04-Q10-24,ACME-2023-59,OSM-24-092,55.97324,-111.80965,LU04-Q10-24,Conifer,"Boggy, Black spruce + tamarac, wet, lots of grasses and willows, near boggy grass field",Flat,0,720,0.25,N,NA,4,Land in boggy field N of point ,Y
LU04,22-Sep-24,13:38,MB SM,LU04-O10-24,LU04-O10-24,ACME-2022-80,OSM-22-57,55.97773,-111.85978,LU04-O10-24,Conifer,"Boggy + wet, spruce",Flat,0,717,0.5,NE,2,6,Heli,Y
LU04,22-Sep-24,11:49,MB SM,R-7,LU04-R7-24,ACME-2023-89,OSM-24-131,56.02719,-111.7931,LU04-R7-24,Conifer,"Solid ground w/ lichen, well-defined trails in area, mixed forest type",Flat,0,737,1,NE,3,5,"Heli. Land in opening E of point, grassy + solid",Y
LU04,22-Sep-24,11:17,MB SM,LU04-R9,LU04-R9-24,ACME-2023-61,OSM-22-18,56.00365,-111.78338,LU04-R9-24,Mixed,Saw 2 moose close by!,Flat,0,723,0.5,N,3,6,Heli,Y
LU04,22-Sep-24,10:29,MB SM,T-8,LU04-T8-24,ACME-2023-106,OSM-24-136,56.0117,-111.7458,LU04-T8-24,Conifer ,"Adjacent to old well pad. Mixed w/ predominatly black spruce, mossy w/ herbacious plants, willows, and grasses",Flat,0,718,1,N,1,5,Land in S corner of well pad. Tall grass and shrubs so be careful,Y
LU04,21-Sep-24,18:32,MB SM,O-16,LU04-O16-24,ACME-2023-45,OSM-24-087,55.89234,-111.8605,LU04-O16-24,Conifer,"Mossy but not spongy, black spruce, adjacent to river + clearing",Flat,0,697,0.2,NW,2,4,"Heli. Land in cleaing N of point, park in GRASS! Moss is very spongy and wet",Y
LU04,21-Sep-24,13:04,MB SM,J-26,LU04-J26-24,ACME M141,OSM-24-102,55.76973,-111.94558,LU04-J26-24,Conifer,"Blk spruce, mossy but solid, lots of trails. Camera pointed along opening in the trees",Flat,0,676,2,N,1,6,Heli. Land in opening N of camera point. Wet. ,Y
LU04,21-Sep-24,13:49,MB SM,LU04-K-25,LU04-K25-24,ACME-2022-26,OSM-24-114,55.78091,-111.93428,LU04-K25-24,Conifer,"Very boggy, grassy, river-y, small trees. ",Flat,0,676,0,NE,1,6,Heli,Y
LU04,21-Sep-24,15:38,MB SM,L-23,LU04-L23-24,ACME-2023-54,OSM-24-137,55.80588,-111.91465,LU04-L23-24,Conifer ,Mossy+boggy w/ lab tea + blk spruce. Adjacent to wet grassy cleaing. Lots of game trails,Flat,0,692,0.5,N,2,6,Heli. Land in grassy area N of camera point,Y
LU04,21-Sep-24,12:36,MB SM,LU04-H26,LU04-H26-24,ACME-2023-67,OSM-24-139,55.77022,-112.00691,LU04-H26-24,Conifer,"In conifer forest, tall trees next to bog",Flat,0,686,0.5,NE,2,6,"Heli. Land in bog, walk into tall trees",Y
LU04,21-Sep-24,16:03,MB SM,LU04-K23,LU04-K23-24,ACME-2023-69,OSM-24-130,55.79526,-111.93501,LU04-K23-24,Conifer,"Conifer stand, mossy",Flat,0,687,0.5,NE,1,7,Heli,Y
LU04,21-Sep-24,17:17,MB SM,LU04-J21,LU04-J21-24,M112,OSM-24-136,55.83117,-111.95554,LU04-J21-24,Mixed,Conifer stand next to hill. Lots of berries,Flat,0,684,0.5,NE,2,6,Heli,Y
LU04,21-Sep-24,16:36,MB SM,I-21,LU04-I21-24,M127,OSM-24-128,55.83113,-111.98164,LU04-I21-24,Mixed,Camera in opening surrounded by young aspen. Solid ground lots of herbacious plants and roses. Near old well pad,Flat,0,691,0.5,N,3,5,Heli. Land in well pad-looking block south of camera point. Follow game trail. ,NA
LU04,21-Sep-24,12:08,MC AB,LU04-N30,LU04-N30-24,ACME-2024-86,OSM-24-120,55.71499,-111.86361,LU04-N30-24,Mixed,"Camera near where 3 habitat types join (Mature mixed stand, open field, and small conifers)",Flat,0,676,0,NW,3,5,Big black bear near site!,Y
LU04,21-Sep-24,12:50,AB MC,LU04-O23,LU04-O23-24,ACME-2023-30,OSM-22-46,55.79732,-111.85567,LU04-O23-24,Conifer,Small island of upland in middle of swam. Not much else choice,Flat,0,677,1,W,1,5,NA,Y
LU04,21-Sep-24,13:25,MC AB,LU04-O22,LU04-O22-24,ACME-2022-40,OSM-24-100,55.81904,-111.85468,LU04-022-24,Conifer,Dense conifer,Flat,0,687,1,N,2,3,Wet landing spot,Y
LU04,21-Sep-24,15:15,AB MC,LU04-L18,LU04-L18-24,ACME-2023-64,OSM-24-134,55.87907,-111.92156,LU04-L18-24,Mixed,Open mixed forest,Flat,0,699,1,N,3,5,NA,Y
LU04,21-Sep-24,15:52,MC AB,U4-L17,LU04-L17-24,ACME M115,OSM-24-133,55.89315,-111.92601,LU04-L17-24,Mixed,NA,Flat,0,688,1,N,1,2,NA,Y
LU04,21-Sep-24,16:24,AB MC,LU04-K17,LU04-K17-24,ACME-2023-92,OSM-24-140,55.88442,-111.94687,LU04-K17-24,Conifer,"Edge, open, conifer",Flat,0,695,1,NE,2,6,NA,Y
LU04,21-Sep-24,17:06,AB MC,LU04-K19,LU04-K19-24,ACME-2024-89,OSM-24-124,55.85956,-111.92847,LU04-K19-24,Mixed,NA,Flat,0,686,0,SW,2,5,"Walk down line from pad, easy + well-defined wildlife trail, heli. ",Y
LU04,21-Sep-24,18:16,MC AB,LU04-I22,LU04-I22-24,ACME-2023-23,OSM-24-091,55.81487,-111.98206,LU04-I22-24,Conifer,NA,Flat,0,684,1,SE,3,5,Heli,Y
LU04,20-Sep-24,11:05,MC AB,LU04-Q20,LU04-Q20-24,M149,OSM-24-103,55.84694,-111.80308,LU04-Q20-24,Broadleaf,NA,Flat,0,683,1,N,1,3,Heli,Y
LU04,20-Sep-24,NA,AB MC,LU04-V25,LU04-V25-24,HLPXHN10080601,OSM-24-115,55.78956,-111.70454,LU04-V25-24,Conifer,"wet, conifer",Flat,0,680,1,W,2,6,NA,NA
LU04,20-Sep-24,11:44,MC AB,LU04-P22,LU04-P22-24,ACME-2022-27,OSM-24-105,55.82927,-111.82845,LU04-P22-24,Conifer,NA,Flat,0,681,0,NA,1,4,Heli,Y
LU04,20-Sep-24,12:10,AB MC,LU04-O21,LU04-O21-24,ACME-2023-110,OSM-24-113,55.83902,-111.85242,LU04-021-24,Broadleaf,Edge of old seizmic line. Mixed wood forest,Flat,0,691,1,NE,2,6,Just outside hex but forest looks very representative. Short walk,Y
LU04,20-Sep-24,13:53,AB MC,LU04-P17,LU04-P17-24,ACME-2023-10,OSM-24-089,55.88747,-111.82773,LU04-P17-24,Conifer,"Nice trail in lab tea conifer, off big ole' line",Flat,0,695,1,NE,3,5,NA,NA
LU04,20-Sep-24,14:32,MC AB,LU04-Q16,LU04-Q16-24,AMCE M126,OSM-24-085,55.90385,-111.81104,LU04-Q16-24,Conifer,"Boggy, lab tea, but open",Flat,0,695,1,W,3,4,NA,Y
LU04,20-Sep-24,11:24,MB SM,LU04-V19,LU04-V19-24,ACME E31,OSM-24-099,55.86918,-111.7002,LU04-V19-24,Conifer,"In spruce stand, mossy + lab tea ground cover",Flat,0,694,0.2,N,2,6,Heli. Land in well pad E of site,Y
LU04,20-Sep-24,14:55,AB MC,LU04-O17,LU04-O17-24,ACME-2022-43,OSM-24-083,55.87772,-111.85127,LU04-O17-24,Mixed,"Mature-ish conifer, moss",Flat,0,695,0.5,N,3,5,NA,Y
LU04,20-Sep-24,NA,MB SM,W-19,LU04-W19-24,ACME-2022-54,OSM-24-090,55.85603,-111.68883,LU04-W19-24,Mixed,"Boggy/spongy/lab tea/blk spruce, immediately adjacent to cut line. Pointed along trail and @ cutline",Flat,0,688,0.5,NE,2,4,Heli. Land in cut block N NE of camera,Y
LU04,20-Sep-24,10:10,MB SM,LU04-Y25,LU04-Y25-24,ACME-2024-24,OSM-24-117,55.77042,-111.63433,LU04-Y25-24,Conifer,"Boggy, spruce trees, moss + grasses, well defined game trail",Flat,0,701,0.5,NE,3,6,Heli. Land in well pad SW of site,Y
LU04,20-Sep-24,NA,MB SM,LU04-S17,LU04-S17-24,ACME-2022-10,OSM-24-094,55.89083,-111.7704,LU4-S17-24,Conifer,"Boggy, black spruce",Flat,0,NA,1,N,NA,4,Heli,NA
LU04,20-Sep-24,12:01,MB SM,S18,LU04-S18-24,ACME-2022-78,OSM-24-107,55.87502,-111.77399,LU04-S18-24,Conifer,"Boggy and wet, lots of shrubs (birch and willow), tamarak stand near a river",Flat,0,683,0.5,W,1,4,Heli. Land south of riverbend NE of camera point. ,NA
LU04,20-Sep-24,NA,SM MB,R-14,LU04-R14-24,HLPXHN10080914,OSM-24-108,55.92705,-111.78384,LU04-R14-24,Conifer,"Boggy and wet. Grasses and lots of shrubs. Tamarac stand, small trees,. Adjacent to boggy opening. ",Flat,0,693,0.2,NE,1,5,Land in boggy opening SW of camera point. Very wet!,Y
LU04,20-Sep-24,14:18,MB SM,V-17,LU04-V17-24,M140,OSM-24-084,55.89145,-111.69994,LU04-V17-24,Conifer,"Mixed forest, solid ground, moss and small plants for groundcover",Flat,0,710,0.2,NE,2,5,Heli. Block NE of camera point,Y
LU04,20-Sep-24,14:46,MB SM,U-15,LU04-U15-24,ACME-2022-07,OSM-24-080,55.91235,-111.72498,LU04-U15-24,Conifer,"Mixed forest, next to well pad + bog, just inside forest from well pad, lab tea understory",Flat,0,708,0.1,E,2,5,"Heli. Land in well pad, cam on border",Y
LU04,22-Sep-24,14:21,MC AB,LU04-M12,LU04-M12-24,ACME M128,OSM-24-104,55.95113,-111.90623,LU04-M12-24,Conifer,Moss,Flat,0,705,1,E,2,4,NA,Y
LU04,22-Sep-24,13:54,AB MC,LU04-O13,LU04-O13-24,HLPXHN10080202,OSM-24-75,55.94499,-111.86098,LU04-O13-24,Conifer,Blueberry,Flat,0,710,1,E,3,5,NA,Y
LU04,22-Sep-24,13:20,MC AB,LU04-P15,LU04-P15-24,ACME-2023-53,ODM-24-129,55.91758,-111.81956,LU04-P15-24,Conifer,NA,Flat,0,689,1,NE,2,2,NA,Y
LU04,19-Sep-24,10:43,MB SM,E-15,LU04-E15-24,ACME-2023,OSM-24-096,55.90503,-112.06311,LU04-E15-24,Conifer,"Conifer stand, mainly blk spruce, some jack pine, moss, lichen and lab tea, but solid ground. Dense forest. Near cutline. Weak trails in area",Flat,0,708,1,N,1,4,"Road site. Drive down road off hwy if safe (kind of muddy but not clay-y), park at old well pad station on corner (completely off the road, Its hunting season so vehicles will want to pass). Walk up linear feature. Bit spongy but easy walking. ",NA
LU04,19-Sep-24,11:41,MB SM,LU04-G17,LU04-G17-24,ACME-2023-23,OSM-24-098,55.88353,-112.02958,LU04-G17-24,Conifer ,"In nice forest w/ tall trees. In conifer patch next to old growth aspen. Breezy, little understory and lovely. Lots of animal sign. ",Flat,0,695,1,W,3,6,Road site. Road is a little sketychy (puddles) but gravel base. Park 'n bushwack,Y
LU04,19-Sep-24,10:56,MC AB,LU04-G13,LU04-G13-24,ACME-2022-117,OSM-24-112,55.94081,-112.03049,LU04-G13-24,Mixed,"In small patch of forest between hwy and powerline, top of small hill/upland area",Flat,0,684,1,NW,3,3,Bushwack from hwy,Y
LU04,19-Sep-24,11:47,AB MC,LU04-G12,LU04-G12-24,ACME M104,OSM-24-116,55.94603,-112.01728,LU04-G12-24,Conifer,Dense lab tea in tiny conifer forest,Flat,0,686,1,W,1,6,"Park on little facility pad and then walk across transmission line, into forest find point. ",Y
LU04,19-Sep-24,10:22,AB MC,LU04-F14,LU04-F14-24,ACME-2022-18,ODM-24-093,55.92842,-112.04711,LU04-F14-24,Conifer ,Open mossy conifer with lots of deadfall,Flat,0,692,1,N,2,6,"Park on well pad, take a lil trail off to side, cross tranmission line, into forest",Y
LU03,19-Sep-24,11:22,AB MC,LU03-102,LU03-102-24,ACME-2023-35,OSM-24-109,55.33079,-110.85664,LU03-102-24,Unknown,Quite open conifer forest with mossy bottom. Right on edge of a large overgrown cutline of sorts.,Flat,0,689,1,NE,3,3.5,"Park at scary military gate, walk to point",Y
LU03,18-Sep-24,11:53,AB MC,LU03-05,LU03-05-24,M122,OSM-22-79,55.3405,-110.86115,LU03-05-24,Lowland,Next to cutblock on small game trail,Flat,0,676,0,NE,2,3,Park on side of road next to giant cutblock. Walk on in. ,Y
LU03,18-Sep-24,NA,MC AB,LU03-103,LU03-103-24,HLPXN10080599,OSM-22-101,55.33155,-110.82492,LU03-103-24,Unknown,Adjacent to seismic line,Flat,0,697,0,SE,3,3,Easy access from road,N
LU03,18-Sep-24,10:19,AB MC,LU03-131,LU03-131-24,HLPXN10081023,OSM-22-36,55.33242,-110.79507,LU03-131-24,Unknown,Ice upland open area within a lab tea area,Flat,0,695,1.5,NE,3,4,Park on road and walk to point,Y
LU03,18-Sep-24,8:46,MC AB,LU03-39,LU03-39-24,ACME-2022-190,OSM-24-059,55.46697,-111.2413,LU03-39-24,Upland,Dense conifer bog. Only available spot,Flat,0,675,1,NW,1,4,"Park at plant facility, bushwack to point. Gaia imagery does not show recent development. ",Y
LU03,18-Sep-24,14:32,MC AB,LU03-18,LU03-18-24,ACME-2024-57,OSM-24-119,55.53701,-111.11601,LU03-18-24,Lowland,"Really open mature conifer forest. Not a lot of game trails, but lots of downfall so hard to tell",Slope,5,652,1,NW,1,7,"Park on highway. Walk in 1km each way, maybe driveable in ",Y
LU03,18-Sep-24,15:30,MC AB,LU03-20,LU03-20-24,ACME-2024-90,OSM-24-126,55.52674,-111.04176,LU03-20-24,Lowland,Next to cutblock facing down trail,Flat,0,679,1,W,2,3,"Park on rd, duck under pipeline",Y
LU03,18-Sep-24,16:04,MC AB,LU03-19,LU03-19-24,ACME-2022-07,OSM-22-42,55.52441,-111.07006,LU03-19-24,Lowland,"Wet bog, not a lot of clear trail action but animals are clearly moving down this line",Flat,0,663,2,NE,1,7,"Drive onto the last well pad, walk down seismic line",Y
LU03,18-Sep-24,11:39,MB SM ,LU03-111,LU03-111-24,ACME-2022-12,OSM-22-19,55.39867,-111.11929,LU03-111-24,Unknown,"conifer stand, solid mossy ground w labrador tea, fairly open",Flat,2,724,0.5,NW,3,5,"Drive down road to old well pad (looks like seismic line on avenza and gaia). Be very careful, road is bad and clay will fill the treads of your tires. Only try if very dry. ",Y
LU03,18-Sep-24,13:50,MB SM ,LU03-AB21,LU03-AB21-24,ACME-2022-41,OSM-22-98,55.35374,-110.92094,LU03-AB21-24,Conifer ,"in spruce stand, moss + labrador tea. Next to seismic line",flat,0,681,0.5,NW,2,7,Park roadside and walk up nice seismic line,Y
LU03,18-Sep-24,14:59,MB,LU03-27,LU03-27-24,HLPXHN10080108,OSM-24-79,55.55134,-110.96258,LU03-27-24,Lowland,"mainly pine and spruce stand, some deciduous. Solid ground with moss and lab tea. Fairly open, good trails in area. ",Flat,0,614,0.2,E,3,5,Easy bushwhack or walk along old clearing until perpendicular to point,Y
LU03,18-Sep-24,NA,MB SM ,LU03-36,LU03-36-24,ACME M119,OSM-24-063,55.44802,-111.22444,LU03-36-24,Upland,"Broadleaf forest, lots of roses and grass. Weak game trail but best we could do",flat,0,701,1,W,1,5,park roadside and bushwhack,Y
LU03,18-Sep-24,9:31,MB SM ,LU03-40,LU03-40-24,ACME M146,OSM-22-95,55.47228,-111.16622,LU03-40-24,Upland,"In small conifer patch surrounded by open shrubby marsh/bog. Some herbaceous plants in understroy. Predominently larches in stand. Very close (200m) to active oil infrastructure, fairly loud. ",flat,0,703,1,NW,2,6,"Park roadside (300m from camera) past the bridge so you are on the correct side of the pipelines. Need to go through a gate- no code, just a button. Gaia imagery doesn't show development/roads",Y
LU03,18-Sep-24,10:22,MB SM ,LU03-41,LU03-41-24,ACME-2023-27,OSM-24-101,55.46191,-111.16662,LU03-41-24,Upland,"Mixed stand in grassy clearing, stand surrounded by clear cuts",flat,0,735,0.2,N,1,4,"Park at well pad. Road isn't on gaia, use google maps/ avenza. Need to hike 600m through clearcuts to site. Consider moving in future years",Y
LU03,17-Sep-24,9:23,MB AB ,LU03-52,LU03-52-24,ACME-2024-88,OSM-24-123,55.56309,-110.89193,LU03-52-24,Upland ,"Lovely open forest. Large mixed wood, pointing down well used trail",flat,0,585,3,N,3,8,"Cenovus - need access card. Park at well pad, walk around outside then to site.",Y
LU03,17-Sep-24,15:14,MB AB ,LU03-15,LU03-15-24,ACME-2022-38,OSM-24-058,55.49429,-110.79481,LU03-15-24,Lowland,"Open lichen meadow w patches of labrador tea, small conifers",flat,0,634,1,E,3,8,Park roadside and walk up seismic line,Y
LU03,17-Sep-24,14:40,AB MB ,LU03-44,LU03-44-24,ACME-2022-13,OSM-24-057,55.50127,-110.84861,LU03-44-24,Upland,"In a clearing in a conifer stand, pointed at lure tree where trail forks",slope,5,622,0.1,NE,2,4,NA,Y
LU03,17-Sep-24,14:10,MB AB ,LU03-17,LU03-17-24,ACME-M111,OSM-24-046,55.51217,-110.85307,LU03-17-24,Lowland,"mossy old seismic line, pointed down decent game trail",flat,0,619,0.5,N-NE,2,6,access via CNRL roads not cenovus,Y
LU03,17-Sep-24,12:47,MB AB ,LU03-147,LU03-147-24,ACME-2024-02,OSM-24-045,55.53861,-110.84389,LU03-147-24,Unknown,"Beside restored area, in conifer forest with little understory. Lots of seismic lines",flat,0,612,0.2,E,3,4,Cenovus- need access card. Bushwhack ,Y
LU03,17-Sep-24,12:10,AB MB ,LU03-51,LU03-51-24,ACME-2023-14,OSM-22-16,55.55735,-110.82727,LU03-51-24,Upland,"Conifer forest, horsetail understory",flat,0,581,1.5,N,2,8,"Park on side of road, try and hit seismic line. Cenovus, need key card. ",Y
LU03,17-Sep-24,11:18,AB MB ,LU03-AH7,LU03-AH7-24,ACME-2022-37,OSM-22-115,55.55022,-110.78812,LU03-AH7-24,Conifer,"Conifer forest, mossy groundcover and labrador tea",flat,0,604,0.1,NW,2,6,"Cenovus, need access cards. Park at well site, walk down nice seismic line",Y
LU03,17-Sep-24,10:46,MB AB ,LU03-126,LU03-126-24,HLPXHN100080928,OSM-24-110,55.55331,-110.77219,LU03-126-24,Unknown,"Slightly upland into dense conifer forest, well defined game trail",flat,0,603,0.5,W,NA,6,"Cenovus, need access cards. Park at well and bushwhack",Y
LU03,17-Sep-24,10:04,AB MB ,LU03-129,LU03-129-24,ACME-2023-12,OSM-24-070,55.5796,-110.82379,LU03-129-24,Unknown,"Conifer forest, lab tea understory. At game trail intersection",flat,0,578,1,NW,3,5,"cenovus, need access cards. Park at well pad, bushwhack",Y
LU03,14-Sep-24,10:03,MB SM ,LU03-28,LU03-28-24,ACME-2024-59,OSM-24-007,55.55166,-110.88823,LU03-28-24,Lowland,"Pine and spruce stand, farily open, moss and lab tea but solid ground. Nearby some paths/quad trails, not visible on gaia imagery",flat,0,605,0.5,NE,3,5,"Park on pull off, walk in through trail system or cut line ",Y 
LU03,14-Sep-24,16:03,MB SM ,LU03-AH14,LU03-AH14-24,ACME-2023-53,OSM-24-014,55.44932,-110.8048,LU03-AH14-24,Conifer,In mixed stand on conifer pointing at aspen. Lots of old seismic lines,flat,0,673,1,NE,1,8,Park roadside and walk up seismic line then bushwhack ,Y
LU03,14-Sep-24,16:43,MB SM ,LU03-38 ,LU03-38-24,ACME-2022-24,OSM-24-001,55.44714,-110.76325,LU03-38-24,Upland,"In a fairly open patch within dense conifer forest, mossy but solid ground. Some herbaceous plants",flat,0,673,1,NW,2,4,"Walk along clearing w/ pond, then cut in to site",Y 
LU03,16-Sep-24,16:07,MB SM ,LU03-13 ,LU03-13-24,ACME-2022-32,OSM-24-056,55.50204,-111.11476,LU03-13-24,Lowland,"In a mixed stand on spruce tree, horsetail groundcover",flat,0,689,0.5,NW,2,6,Wet road so parked and hiked 1km. Can drive further and park by ATV / bike park. Hike through bog,Y 
LU03,14-Sep-24,9:12,MD AB ,LU03-25,LU03-25-24,ACME-2022-08,OSM-24-077,55.54145,-110.90795,LU03-25-24,Lowland,Nice dry ridge in a conifer forest. Heavy trail use along lichen area,ridge,1,606,1.5,E,3,6,If muddy: park on well pad nearby and hike in when dry. Pull off roadside and hike in along cutline,Y 
LU03,14-Sep-24,9:51,AB MD ,LU03-21,LU03-21-24,ACME-2022-50,OSM-24-078,55.52354,-110.91692,LU03-21-24,Lowland,"Open cutline in conifer stand, mossy understory",slope,5,625,0.5,NW,3,5,"Easy drive down site road. Park on wellpad, walk in on cut line",Y 
LU03,14-Sep-24,15:05,MB SM ,LU03-AC10,LU03-AC10-24,ACME-2023-87,OSM-24-002,55.49767,-110.89947,LU03-AC10-24,Conifer ,"Aspen stand with large old trees. Lots of shrubs and understory consisting of roses, grasses, and other herbaceous plants and shrubs. Saw 6 grouse lots of bear sign, and ungulate signs. ",flat ,0,657,1,NW,1,4,Park and bushwhack ,Y 
LU03,14-Sep-24,14:18,MB SM ,LU03-46,LU03-46-24,ACME-M124,OSM-24-003,55.50836,-110.89548,LU03-46-24,Upland,In a nice mixed forest with tall trees. Beside cutline,flat,0,623,0.5,NW,2,5,"Park roadside and walk down cutline (600m). Sketchy development taking place, be mindful in future years. ",Y 
LU03,14-Sep-24,13:13,MD AB ,LU03-10,LU03-10-24,ACME-2023-31,OSM-24-72,55.432,-110.78262,LU03-10-24,Lowland,Open conifer forest,flat,0,640,1,N,2,5,Park and bushwhack ,Y
LU03,14-Sep-24,NA,MD AB ,LU03-AE12,LU03-AE12-24,ACME-M136,OSM-24-51,55.46934,-110.86,LU03-AE12-24,Mixed,In clearing off cutline. Coniferous on edge of aspen stand,flat ,2,671,0.2,W ,2,4,"Park roadside, same site as CL-15. hike up cutline to intersecting cutline. Follow cutline up hill and slightly left. ",Y
LU03,14-Sep-24,17:00,MD AB ,LU03-07,LU03-07-24,ACME-2023-33,OSM-24-47,55.40626,-110.75069,LU03-07-24,Lowland,wonderful blueberry and lichen meadow,slope,5,632,1,NW,3,6,NA,Y
LU03,12-Sep-24,15:23,AB MD ,LU03-14 ,LU03-14-24,ACME-2024-65,OSM-24-16,55.50077,-111.09359,LU03-14-24,Lowland,"along seismic line, primarily coniferous. ",flat,0,688,0.5,N ,2,5.5,"Park on old road across highway, climb over small hill onto obvious seismic line. Hike to intersects of seismic line w/ cam",Y 
LU03,13-Sep-24,8:34,MB SM ,LU03-137,LU03-137-24,ACME-2024-67,OSM-24-044,55.42558,-111.19794,LU03-137-24,Unknown,In a pine stand next to spruce stand on pine stree pointing at intersection of game trails,flat,0,688,1,NW,2,5,park n walk ,Y 
LU03,13-Sep-24,12:58,MB SM ,LU03-M20,LU03-M20-24,ACME-2023-78,OSM-24-037,55.36191,-111.22409,LU03-M20-24,Conifer,"Mossy, solid ground, conifer forest, very little understory Fairly dense stand. ",flat,0,688,1,N,3,4,Park on side of highway and walk in ,Y 
LU03,13-Sep-24,12:09,MB SM ,LU03-L22,LU03-L22-24,ACME-2023-103,OSM-24-038,55.34597,-111.25957,LU03-L22-24,Conifer,"Black spruce, boggy, lots of small shrubs and lab tea. Spongy peat moss, some game trails but not many. Adjacent to large cut line thing",flat,0,661,0.5,N ,2,5,"Walk along very large cutblock/cutline and walk in to camera. Spongy and wet, boots! ",Y 
LU03,13-Sep-24,NA ,MB SM ,LU03-J23,LU03-J23-24,ACME-2022-114,OSM-24-040,55.33335,-111.29207,LU03-J23-24,Conifer,"pine forest, pointing at game trail intersection. Not a lot of understory. ",flat,0,667,1,N,2,5,"park roadside, easy walk ",Y 
LU03,13-Sep-24,12:00,AB ,LU03-U6,LU03-U6-24,ACME-2022-39,OSM-24-026,55.54963,-111.07124,LU03-U6-24,Conifer,"Boggy small conifers, along maybe a trail that something used once",flat,0,637,2,NE,1,6,sucks. Park at truck pullout with porta potties. Hike into bog/forest nonsense. Bring boots! ,Y 
LU03,13-Sep-24,9:32,MB SM ,LU03-L16,LU03-L16-24,ACME-2022-77,OSM-24-042,55.43167,-111.25237,LU03-L16-24,Broadleaf,"In bog on spruce tree, pointing down game trail along old cutline",flat,0,663,1,NE,NA,NA,"Park and bushwhack, bring boots- wet! ",Y 
LU03,13-Sep-24,14:10,MB SM ,LU03-N18,LU03-N18-24,ACME-2024-56,OSM-24-010,55.39662,-111.20204,LU03-N18-24,Conifer,"In pine stand, open with little understory, mossy ground cover. Pointed at intersection of game trails.",flat,0,697,1,NW,2,4,"Park roadside, bushwhack to site. Easy walk. **forgot slate photo**",Y 
LU03,13-Sep-24,10:30,MB SM ,LU03-L15,LU03-L15-24,ACME-2023-82,OSM-24-043,55.43909,-111.2642,LU03-L15-24,Mixed,"Solid ground, jack pine, mossy ground, not much veg or understory. Close to a regenerated stand of aspen. Not many good game trails.",flat,0,689,1,NE,1,4,"Park on road, bushwhack. **no slate photo**",Y 
LU03,13-Sep-24,14:52,MB SM ,LU03-32,LU03-32-24,ACME-2024-58,OSM-24-36,55.40956,-111.20446,LU03-32-24,Upland,"Solid mossy floor, fairly open conifer forest, lots of trails, not much understory",flat,0,715,3,NE,3,5,Drive down small old road and walk in ,Y 
LU03,13-Sep-24,15:41,AB MD ,LU03-W7,LU03-W7-24,ACME-2024-61,OSM-24-030,55.53572,-111.02058,LU03-W7-24,Mixed,"dense deciduous, some evidence of small scale firewood harvest but we went a fair bit past it.",flat,0,685,4,E,1,6,"park on unmarked road on SW side of main road. Road not on gaia, walk a while then turn in. ",Y 
LU03,13-Sep-24,15:00,AB MD ,LU03-45,LU03-45-24,ACME-2022-04,OSM-24-027,55.51741,-110.96526,LU03-45-24,Lowland,lovely mossy undergrowth in a thick conifer forest. On edge of a wet looking area,flat,0,686,0.5,E,2,7,"dry: park on side of road and walk in…. Wet: use pull out at the bridge down the road. Walk on road for 4 poles, in between 4&5 cut into trees and connect to transmission line. Walk to clearing, at clearing cut right to treeline and follow tree line to camera. ",Y 
LU03,13-Sep-24,13:15,AB MD ,LU03-50,LU03-50-24,ACME-2023-85,OSM-24-034,55.55157,-111.03038,LU03-50-24,Upland,Open deciduous along nice game trail. Mossy understory ,flat,0,627,0.5,NW,3,4,Park at entrance to jackfish lodge out of the way of entering vehicles. Hike on road until perpendicular to camera,Y
LU03,13-Sep-24,10:40,AB MD ,LU03-49,LU03-49-24,ACME-2024-1,OSM-24-029,55.55693,-111.07929,LU03-49-24,Lowland,"On cut line, open deciduous forest",flat,0,646,3,SE,2,7,Pull off on side road/ entrance to gated gravel pit. Head to s. corner of gravel pit and follow cut line to intersection. Take left cut line follow to camera,Y 
LU03,13-Sep-24,14:09,MD AB ,LU03-Y8,LU03-Y8-24,ACME-2023-72,OSM-24-032,55.529,-110.99135,LU03-Y8-24,Mixed,Somewhat dense aspen stand. Found a nice trail that looked like the only nice place to walk if I was a woodland beast,flat,1,667,0.25,NW,3,4.5,"park off road on pullout near transmission line, follow transmission line. ",Y 
LU03,12-Sep-24,NA,MD AB ,LU03-48,LU03-48-24,ACME-2023-99,OSM-24-008,55.54882,-111.09758,LU03-48-24,Lowland,"upland dense conifer past beaver pond near old ATV trail, signs of camping",flat,0,614,0.5,E,1,4.5,park roadside just after lac la biche sign. Hike on cutline to camera,Y 
LU02,02-Oct-24,12:45,DRAB JC,LU02-21,LU02-21-24,ACME-2023-06,OSM-24-154,54.94687,-111.62406,LU02-21-24,Lowland,On edge of aspen forest on light downslope,Flat,3,633,1,NE,3,4,Park and Hike. Don’t walk in swampy stuff!,Y
LU02,03-Oct-24,12:55,DRAB JC,LU02-34,LU02-34-24,ACME-2023-50,OSM-24-190,54.88481,-111.4006,LU02-34-24,Upland,"Open mixed wood, pointed straight down trail, looks very nice",Flat,0,687,1,NW,3,4.5,Park and walk in,Y
LU02,03-Oct-24,14:15,AB MB ,LU02-O25,LU02-O25-24,ACME-2022-89,OSM-24-172,54.86068,-111.51841,LU02-O25-24,Broadleaf,"Mixed forest, open and flat area. Good game trail",flat,0,691,2,NE,3,6,"Walk down great seismic line, cut into game trail in cell",Y
LU02,03-Oct-24,9:52,DRAB JC,LU02-W21,LU02-W21-24,ACME-2023-40,OSM-24-198,54.91412,-111.34402,LU02-W21-24,Broadleaf,"Open deciduous area, saw a deer",flat,0,860,1,NW,3,4.5,Park and walk in,Y
LU02,03-Oct-24,10:39,DRAB JC ,LU02-36,LU02-36-24,ACME-2023-20,OSM-24-188,54.92016,-111.35772,LU02-36-24,Upland,open aspen and grass,flat,0,846,1,N,3,4,"There is a road, don't bushwhack ",Y 
LU02,03-Oct-24,11:33,DRAB JC ,LU02-15,LU02-15-24,ACME-M120,OSM-24-192,54.90785,-111.38596,LU02-15-24,Lowland,Open deciduous ,slope ,1,723,1,N,3,5,Walk down LF,NA
LU02,03-Oct-24,12:10,DRAB JC ,LU02-13,LU02-13-24,ACME-2022-43,OSM-24-176,54.8979,-111.40118,LU02-13-24,Lowland,Coniferous. Mossy understory near creek,flat,0,682,1,N,3,4,walk in along rd then cut into woods before creek ,Y 
LU02,03-Oct-24,13:30,DRAB JC ,LU02-05,LU02-05-24,ACME-2022-72,OSM-24-184,54.87304,-111.40779,LU02-05-24,Lowland,Conifer forest on edge of pond/wetland. Lots of poops ,flat,3,649,1,N,3,5,park and walk in ,Y 
LU02,03-Oct-24,14:14,DRAB JC ,LU02-101,LU02-101-24,ACME-2023-05,OSM-24-178,54.86597,-111.41917,LU02-101-24,Unknown,We relocated the original LU02-101 point to this new site. The original was 600m from LU02-05. new point up on ridge of deciduous/ mixed forest,flat,0,675,1,E,3,5,park and walk in ,NA
LU02,03-Oct-24,15:20,DRAB JC ,LU02-32,LU02-32-24,ACME-2023-37,OSM-24-189,54.86232,-111.44619,LU02-32-24,Upland,"Mossy coniferous, pretty dense with lots of downed trees",flat,0,696,1,N,3,5,"walk in along ATV trail, bushwhack to site",Y 
LU02,03-Oct-24,16:41,DRAB AB JC MB ,LU02-Q24,LU02-Q24-24,ACME-2022-65,OSM-24-186,54.86821,-111.46043,LU02-Q24-24,Conifer,"Conifer stuff, mossy, wet, squelchee",flat,0,717,1,N,3,5,park and walk,Y
LU02,04-Oct-24,14:50,MB AB ,LU02-56,LU02-56-24,ACME-2023-08,OSM-24-106,55.01664,-111.39801,LU02-56-24,Upland,Mixed forest by nice stream. Pointed slightly downhill,slope,5,685,0.2,NW,2,5,park and bushwhack ,Y 
LU02,04-Oct-24,12:38,AB MB ,LU02-I15,LU02-I15-24,ACME-2022-64,OSM-24-177,54.99516,-111.62074,LU02-I15-24,Mixed,"Pretty dense conifer and moss, on edge of cutblock ",flat,0,670,1,N,3,5,"park on road and walk a little bit down old truck road, but then bash in ",Y 
LU02,04-Oct-24,13:24,AB MB ,LU02-L20,LU02-L20-24,ACME-2023-49,OSM-24-156,54.93042,-111.56727,LU02-L20-24,Conifer,"Mixed forest near conifer stands and bog, mossy groundcover",flat,0,633,0.5,NE,3,6,Park and walk in ,Y 
LU02,04-Oct-24,9:36,MB AB ,LU02-46,LU02-L46-24,ACME-2023-41,OSM-24-179,54.96862,-111.51447,LU02-46-24,Upland,"Mixed forest, big trees, little understory ",flat,0,627,0.5,NE,3,5,"road is clay mud to get there. We parked and walked 1km. Walk is easy, go down second private road then short whack to cam",Y 
LU02,04-Oct-24,10:20,AB JC ,LU02-110,LU02-110-24,ACME-2023-22,OSM-24-177,54.91793,-111.47915,LU02-110-24,Unknown,"Conifer stand, pretty larches around. Soft squishy mossy understory with labrador tea",flat,0,721,3,N,3,5,walk and enjoy ,Y 
LU02,04-Oct-24,9:55,AB JC ,LU02-39,LU02-39-24,ACME-2022-100,OSM-24-180,54.92215,-111.49609,LU02-39-24,Upland,"Conifer / spruce, dense. Mossy peaty ground. Good game trail",flat,0,691,2,N,3,4,Bushwhack from road. Good trails,Y 
LU02,04-Oct-24,9:05,AB JC ,LU02-17,LU02-17-24,ACME-2022-70,OSM-24-187,54.92506,-111.50965,LU02-17-24,Lowland,Mixed forest in swampy area,flat,2,642,3,E,3,4,"Wet-ish, swampy walk in ",Y
LU02,04-Oct-24,14:00,AB MB ,LU02-155,LU02-155-24,ACME-2023-36,OSM-24-167,54.97483,-111.40743,LU02-155-24,Unknown,Grassy deciduous. Lure tree a bit away but very nice,flat,0,795,1,N ,3,6,park and walk,Y 
LU02,04-Oct-24,10:15,AB MB ,LU02-50,LU02-50-24,ACME-E26,OSM-24-205,54.97717,-111.49672,LU02-50-24,Upland,"Deciduous, high density of game trails",flat,0,686,1,NW,3,5,road access is very mud. You can drive a bit but you'll have to get out and walk. **original test images are from a separate site**,Y 
LU02,04-Oct-24,11:45,MB AB ,LU02-O16,LU02-O16-24,ACME-2023-18,OSM-24-193,54.97984,-111.52131,LU02-O16-24,Broadleaf,"Upland aspen forest, some roses but too much understory. Near seismic line",flat,0,641,0.5,NW,2,5,road is muddy when wet,Y 
LU02,04-Oct-24,15:25,AB JC ,LU02-U13,LU02-U13-24,ACME-2022-45,OSM-24-200,55.02639,-111.39526,LU02-U13-24,Broadleaf,Mixed forest on slight slope,flat,2,677,2,N-NW,3,6,walk in ,Y 
LU02,04-Oct-24,13:05,AB JC ,LU02-44,LU02-44-24,ACME-2022-108,OSM-24-154,54.95451,-111.42573,LU02-44-24,Upland,"Conifer and peat/moss, open forest. Old game trail and junction",flat,0,786,1,N,3,5,"walk to cam from road, bit of a slog",Y 
LU02,04-Oct-24,11:57,NA ,LU02-143,LU02-143-24,ACME-2023-43,OSM-22-20,54.93753,-111.43223,LU02-143-24,Unknown,"Pointed twoards junction, mixed forest, horsetails",na,na,773,2,N,3,4,"Walk in along old road, a bit overgrown but fast",Y 
LU02,04-Oct-24,11:00,AB JC ,LU02-18,LU02-18-24,ACME-2022-29,OSM-24-194,54.92096,-111.4588,LU02-18-24,Lowland,"Spruce / moss / peat lowland, dense. Good game trail. Not worried about glare w SW cam b/c of density",flat,0,737,3,SW,3,4,Bushwhack on good trails ,Y 
LU02,04-Oct-24,14:35,AB JC ,LU02-52,LU02-52-24,ACME-2022-05,OSM-24-144,54.99469,-111.40191,LU02-52-24,Upland,Spruce stand in mixed forest. Decent game trail,flat,2,756,2,N,3,6,walk from road,Y
LU02,02-Oct-24,17:20,AB JC ,LU02-123,LU02-123-24,ACME-2022-85,OSM-24-142,55.00653,-111.66808,LU02-123-24,Unknown,"Mossy conifer forest, junction of 2 game trails",flat,0,664,1,NE,3,6,walk down skid road then bushwhack ,Y 
LU02,02-Oct-24,15:45,AB JC ,LU02-H16,LU02-H16-24,ACME-2022-105,OSM-24-174,54.98771,-111.64069,LU02-H16-24,Mixed,"Off seismic line, mixed forest",flat,0,668,1,NE,3,5,Walk in along seismic line ,Y 
LU02,02-Oct-24,16:27,AB JC ,LU02-27,LU02-27-24,ACME-2023-04,OSM-24-153,55.00157,-111.65131,LU02-27-24,Lowland,Off seismic line. Full confier forest. Maybe on same tree? ,flat,0,666,1,N,3,5,walk along seismic line,Y 
LU02,03-Oct-24,15:55,AB MB ,LU02-31,LU02-31-24,ACME-2022-102,OSM-24-182,54.86428,-111.47424,LU02-31-24,Upland,"Dense spruce forest, moss/peat. Good game trail",flat,1,749,1,N ,3,4,Bushwhack from road ,Y 
LU02,03-Oct-24,15:10,AB MB ,LU02-03,LU02-03-24,ACME-2023-42,OSM-24-181,54.87184,-111.48871,LU02-03-24,Lowland,"Mixed forest with lots of deadfall, faint game trail",slope,4,751,1,NW,2,5,Walk on okay seismic line (alders) then bushwhack,Y
LU02,03-Oct-24,13:15,AB MB ,LU02-J27,LU02-J27-24,ACME-2022-113,OSM-24-183,54.83982,-111.59897,LU02-J27-24,Broadleaf,Open mixed wood forest near Atv Trail ,flat,0,670,1,NE,3,4,"Walk on ATV trail and cut 90 degrees into forest, ~1km. Forgot site photo",N
LU02,03-Oct-24,9:50,AB MB ,LU02-E27,LU02-E27-24,ACME-2023-16,OSM-24-191,54.83282,-111.70158,LU02-E27-24,Broadleaf,"Aspen forest, slight slope",slope,3,673,1,NW,3,3.5,Walk from survey stake at road. Cross creek draw (?),Y 
LU02,02-Oct-24,13:10,DRAB MB ,LU02-G25,LU02-G25-24,ACME-2022-69,OSM-22-84,54.85086,-111.67184,LU02-G25-24,Broadleaf,Large aspens with medium undergrowth. Cam pointed north down nice trail ,flat,0,659,1,N,3,6,You can walk down an old quad trail until perpendicular then bush bash in ,Y 
LU02,02-Oct-24,12:48,MB AB ,LU02-G26,LU02-G26-24,ACME-2022-16,OSM-24-203,54.84174,-111.68177,LU02-G26-24,Broadleaf,"Aspen forest, nice big trees. Kind of grassy",flat,0,652,1,N,2,6,Park and walk ,Y
LU02,02-Oct-24,11:38,MB AB ,LU02-106,LU02-106-24,ACME-2024-82,OSM-24-152,54.88798,-111.78869,LU02-106-24,Unknown,Open grassy area along banger trail. Had to adjust point as old location was inside a fence (wildlife seem to be moving through fence easy). Bones nearby,flat,0,597,1,E,3,6,"drive to railway. Park, walk left. Avoid fence",Y
LU02,02-Oct-24,13:40,AB JC ,LU02-20,LU02-20-24,ACME-2022-68,OSM-2024-165,54.95559,-111.63141,LU02-20-24,Lowland,"Mostly aspen, lots of wild rose. Old skid road nearby ",flat,0,638,1,NE,3,5,"Walk in, go across skid road, walk a bit further",Y
LU02,02-Oct-24,14:27,AB JC ,LU02-25,LU02-25-24,ACME-2022-120,OSM-24-143,54.97014,-111.63927,LU02-25-24,Lowland,"Facing down slope on game trail, pointed toward little creek. Mixed forst, mostly conifer. Nice mossy understory",slope,12,642,1,E,3,6,Walk in along seismic line ,Y
LU02,02-Oct-24,11:27,AB JC ,LU02-40,LU02-40-24,ACME-2022-92,OSM-24-169,54.93741,-111.58347,LU02-40-24,Upland,"Open mixed forest, lots of aspen. 25m from original site",flat,0,638,1,NE,3,3,Park and walk. ,Y
LU02,02-Oct-24,10:27,AB JC ,LU02-38,LU02-38-24,HLPXHN10080923,OSM-24-168,54.92619,-111.52653,LU02-38-24,Upland,Open mixed wood forest. On clear game trail beside pond. ,flat,5,635,1,N,3,7,"deer on way in. park and walk along clear game trail, walk in on side of pond clsoest to entrance. Forgot to take slate pic ",Y 
LU02,02-Oct-24,12:10,JC AB,LU02-137,LU02-137-24,ACME-2023-21,OSM-24-173,54.94318,-111.59857,LU02-137-24,Unknown,"Open mixed wood forest, 15m from original site. Deer scat",flat,5,636,2,E/NE,3,6,park n walk ,Y 
LU02,02-Oct-24,15:05,JC AB,LU02-47,LU02-47-24,ACME-2022-91,OSM-24-145,54.97665,-111.64789,LU02-47-24,Upland,Coniferous stand in middle of aspen forest,flat,0,659,1,NE,3,5,park n walk ,Y 
LU02,04-Oct-24,13:41,JC AB ,LU02-26,LU02-26-24,ACME-2022-115,OSM-24-148,54.96788,-111.41757,LU02-26-24,Lowland,"Mixed forest, targets junction",flat,5,788,4,N,3,7,walk in,Y 
LU02,04-Oct-24,13:49,MB AB ,LU02-H26,LU02-H26-24,ACME-M132,OSM-22-09,54.85125,-111.64288,LU02-H26-24,Broadleaf,"Upland aspen, very grassy and rosy. Site is on top of a ridge",slope,5,679,0.5,NW,2,8,Park and bushwhack,Y
LU02,02-Oct-24,15:48,AB MB ,LU02-29,LU02-29-24,ACME-2022-31,OSM-24-199,54.85591,-111.56652,LU02-29-24,Upland,"Dense conifer, very mossy, much trail",flat,0,636,1,NW,3,6,Park and walk,Y 
LU02,02-Oct-24,15:11,MB AB ,LU02-K26,LU02-K26-24,ACME-2022-06,OSM-22-61,54.84896,-111.59702,LU02-K26-24,Broadleaf,"Mixed forest, grassy understory. Next to park and ATV trail. ",flat,0,632,1,NW,2,5,Park in parking lot for rec area and walk down ATV trail,Y 
LU02,02-Oct-24,10:54,MB AB ,LU02-100,LU02-100-24,ACME-2024-87,OSM-24-202,54.99394,-111.76685,LU02-100-24,Unknown,"Mixed forest, horsetail understory",flat,0,588,0.5,NW,2,4,Park and bushwhack,Y
LU02,02-Oct-24,14:29,MB AB ,LU02-30,LU02-30-24,ACME-2024-70,OSM-24-201,54.8581,-111.601,LU02-30-24,Upland,Very open mixed wood,slope,5,627,1,SW,2,4,Park and walk,Y
LU02,02-Oct-24,17:04,AB MB ,LU02-33,LU02-33-24,ACME-2023-13,OSM-24-196,54.86689,-111.50657,LU02-33-24,Upland,Open conifer among sea of grass,flat,0,713,1,N,3,6,Park and walk,Y 
LU02,02-Oct-24,16:29,MB AB ,LU02-M25,LU02-M25-24,ACME-2022-22,OSM-24-197,54.86258,-111.54182,LU02-M25-24,Broadleaf,Mixed forest with big trees. Lots of brushy understory,flat,0,657,0.5,NW,2,4,park and whack,Y
LU08,01-Oct-24,11:53,AB DRAB,LU08-N19,LU08-N19-24,ACME-2023-38,OSM-22-81,57.35516,-112.02213,LU08-N19-24,Broadleaf,"Open mixed wood, nice trail with a brilliant fork",flat,0,468,1,NE,3,5,Park and walk,Y
LU08,01-Oct-24,11:10,AB DRAB,LU08-M19,LU08-M19-24,ACME-2022-104,OSM-22-35,57.34687,-112.02953,LU08-M19-24,Broadleaf,"Mossy game trail, open mixed wood",flat,0,457,0.5,E,3,4,Off road corner past hunting cabin. Escorted by security guard to road gate,Y
LU08,01-Oct-24,10:08,AB DRAB,LU08-N20,LU08-N20-24,ACME-2022-28,OSM-24-195,57.34134,-112.00639,LU08-N20-24,Broadleaf,"Open mixed wood, nice game trail",flat,0,437,1,N,3,4,"Go through fence, walk along road, cut in. no test photos, forgot view finder",Y
LU08,01-Oct-24,10:12,MB JC,LU08-O20,LU08-O20-24,ACME-2024-64,OSM-24-204,57.33569,-111.98232,LU08-O20-24,Broadleaf,"Upland aspen forest, blueberries and little birch",flat,0,415,0.5,NW,2,8,"Need escort. Park roadside, go through hole of fence and walk to site",Y 
LU08,01-Oct-24,12:31,MB JC,LU08-N18,LU08-N18-24,ACME-2024-81,OSM-24-49,57.36655,-112.00683,LU08-N18-24,Broadleaf,"Mixed forest, on a conifer pointed at aspen",flat,0,446,0.5,W,1,6,"Need escort. Walk down seismic line 600m, then to site",Y
LU08,25-Sep-24,14:10,MB AB ,LU08-S25,LU08-S25-24,ACME-2022-99,OSM-24-149,57.27087,-111.90127,LU08-S25-24,Broadleaf,"Spruce, larch. Lab tea and grass understory",flat,0,342,0.5,W,1,4,"Park at well pad. Hike to back, then can walk on well-defined trail part way. Then bushwhack",NA
LU08,25-Sep-24,9:56,AB MB ,LU08-AC29,LU08-AC29-24,ACME-2022-60,OSM-24-150,57.21347,-111.69046,LU08-AC29-24,Conifer,Open mixed forest on edge of river ravine. Mild rosey,flat,0,304,0.5,W,2,5,Pull off on side of road and enjoy a nice walk through the forest ,Y
LU08,25-Sep-24,10:37,MB AB ,LU08-AC28,LU08-AC28-24,ACME-2023-09,OSM-24-164,57.22453,-111.68562,LU08-AC28-24,Conifer,"In open mixed forest, faint criss crossing trails",flat,0,307,0.2,NW,1,5,"Park roadside. Walk down pipeline, then up seismic line to site. Kinda wet",NA
LU08,24-Sep-24,11:34,AB MB ,LU08-AB29,LU08-AB29-24,ACME-2022-73,OSM-24-141,57.22901,-111.71024,LU08-AB29-24,Conifer,Small patch of bush amongst quad trails. Mixed wood,flat,0,302,1,E/SE,2,5,Park and walk,NA
LU08,25-Sep-24,9:18,AB MB ,LU08-AC30,LU08-AC30-24,ACME-2022-111,OSM-24-151,57.20202,-111.69106,LU08-AC30-24,Conifer ,"Mixed forest, little understory. Cam is on conifer",flat,0,307,0.2,N,2,6,Park at pullout and bushwhack. Weird black tar sand. ,Y
LU08,25-Sep-24,12:27,MB AB ,LU08-T25,LU08-T25-24,ACME M143,OSM-24-147,57.27803,-111.8767,LU08-T25-24,Broadleaf,"Mixed forest, tall aspen. Faint trails",flat,0,339,0.2,E,1,5,Park roadside and bushwhack in. Not accessible from gravel pad because of ravine. ,NA
LU08,25-Sep-24,13:25,AB MB ,LU08-S24,LU08-S24-24,ACME-2023-03,OSM-24-146,57.27964,-111.89812,LU08-S24-24,Broadleaf,The worst. Only a semi visible trail in a clearing with minimal wind fall ,flat,0,351,1,SE,1,4.5,"Bushwhack from corner of clearing. Ignore howling ghoul, probably not real ",Y 
LU08,25-Sep-24,9:09,MC SM ,LU08-AE29,LU08-AE29-24,ACME-2023-44,OSM-24-163,57.21758,-111.64945,LU08-AE29-24,Conifer,Mixed spruce and aspen stand,flat,0,209,NA,NW,2,NA,Bushwhack from road,Y 
LU08,25-Sep-24,9:40,MC SM ,LU08-AD29,LU08-AD29-24,ACME-2022-103,OSM-24-162,57.22887,-111.6539,LU08-AD29-24,Conifer,"Small patch of mixed forest surrounded by younger trees and dense shrubs. Dry solid ground with shrubs, moss, and plants. Mainly spruce and aspen",flat,0,299,0.2,N,1,6,bushwhack. Fairly brutal and thick,Y
LU08,25-Sep-24,10:30,MC SM ,LU08-AD28,LU08-AD28-24,ACME-2023-39,OSM-24-157,57.24357,-111.66135,LU08-AD28-24,Conifer,Aspen stand  ,flat,0,304,1,N,2,5,Drive to lake and bushwhack,Y
LU08,25-Sep-24,11:03,MC SM ,LU08-AD27,LU08-AD27-24,ACME-2023-01,OSM-24-160,57.25323,-111.66636,LU08-AD27-24,Broadleaf,"Mixed wood stand of spruce and aspen. Dry, some srhubs, lots of woody debris. No defined trails",flat,0,304,1,N,1,5,"Bushwhack, not a bad walk",Y
LU08,25-Sep-24,11:41,MC SM ,LU08-AC24,LU08-AC24-24,ACME-2023-47,OSM-24-161,57.28373,-111.68489,LU08-AC24-24,Broadleaf,"Mixed spruce and aspen stand, some shrubs, lots of deadfall",flat,2,290,1,N,2,4,Park at well pad,Y
LU08,25-Sep-24,NA ,MC SM ,LU08-AC25,LU08-AC25-24,ACME-2023-15,OSM-24-169,57.26654,-111.69253,LU08-AC25-24,Conifer,"Spongy moss but not too boggy, black spruce, willow shrubs, and other short herbaceous plants",flat,0,299,1,N,2,4,Park on pull off on N side of horizon oil sands access road and walk in. easy walk ,Y
LU08,25-Sep-24,13:00,MC SM ,LU08-AC31,LU08-AC31-24,ACME-2022-112,OSM-24-161,57.18302,-111.67786,LU08-AC31-24,Conifer,Spruce forest. Tall trees. Mossy and lab tea groundcover,flat,0,324,1,N,3,4,park on pull out. Follow quad trail in ,Y
LU08,25-Sep-24,13:56,MC SM ,LU08-AB31,LU08-AB31-24,ACME-2022-01,OSM-24-155,57.19288,-111.69509,LU08-AB31-24,Broadleaf,"Mixed spruce and aspen, mossy but solid and dry, some shrubs and small plants. ",flat,0,314,1,NE,1,5,"park roadside and walk ~700m. Not an awful walk but bushwhack the whole way. Had to be done, sorry! ",Y 
