site,lat,long,array,easting_12n,northing_12n,start_date,end_date,camera_failure_details,deployment_id,array_visit
LU2_3,54.87192,-111.48897,LU2,468621.87804954505,6080648.465078816,2021-07-15,2022-02-06,NA,NA,LU2_2021
LU2_5,54.87287,-111.40779,LU2,473831.9336592749,6080720.833836847,2021-07-12,2022-02-06,NA,NA,LU2_2021
LU2_100,54.99404,-111.76688,LU2,450937.0408583181,6094397.1487539485,2021-07-15,2022-02-05,NA,NA,LU2_2021
LU2_101,54.86738,-111.41208,LU2,473553.05057956855,6080111.541518604,2021-07-12,2022-02-06,NA,NA,LU2_2021
LU2_106,54.88816,-111.78943,LU2,449361.49613157735,6082631.472272619,2021-07-12,2022-02-05,NA,NA,LU2_2021
LU2_110,54.917919999999995,-111.47919,LU2,469284.4974915763,6085762.812801509,2021-07-13,2022-09-10,NA,NA,LU2_2021
LU2_119,54.988879999999995,-111.78169,LU2,449983.1393723677,6093833.456562188,2021-07-15,2022-09-10,NA,NA,LU2_2021
LU2_123,55.00679,-111.66826,LU2,457259.9391877543,6095751.196769467,2021-07-15,2022-02-05,NA,NA,LU2_2021
LU2_13,54.89791,-111.40125000000002,LU2,474267.5681520477,6083504.760695242,2021-07-12,2022-02-06,NA,NA,LU2_2021
LU2_137,54.94295,-111.59875,LU2,461644.7532603298,6088607.037409125,2021-07-14,2022-09-09,NA,NA,LU2_2021
LU2_143,54.93758,-111.43214,LU2,472313.8299532292,6087930.883114251,2021-07-13,2022-09-09,NA,NA,LU2_2021
LU2_15,54.90787,-111.38586,LU2,475260.64098658354,6084607.526799967,2021-07-12,2022-02-06,NA,NA,LU2_2021
LU2_153,54.988679999999995,-111.49073,LU2,468600.0161686661,6093641.87949887,2021-07-13,2022-09-10,NA,NA,LU2_2021
LU2_155,54.97483,-111.40751000000002,LU2,473915.94272478344,6092066.495962011,2021-07-14,2022-09-09,NA,NA,LU2_2021
LU2_17,54.92504,-111.50987,LU2,467323.733468968,6086568.98862813,2021-07-14,2022-09-09,NA,NA,LU2_2021
LU2_18,54.92097,-111.45886,LU2,470589.8407542466,6086093.475922492,2021-07-13,2022-09-10,NA,NA,LU2_2021
LU2_20,54.95559,-111.63136,LU2,459568.5101910151,6090031.919827051,2021-07-15,2022-09-09,NA,NA,LU2_2021
LU2_21,54.94711,-111.62397,LU2,460033.3367776853,6089084.055948623,2021-07-15,2022-09-09,NA,NA,LU2_2021
LU2_24,54.975930000000005,-111.78605,LU2,449687.9765996589,6092395.570083428,2021-07-12,2022-09-10,NA,NA,LU2_2021
LU2_25,54.970279999999995,-111.63915,LU2,459084.5865132316,6091671.092143002,2021-07-13,2022-09-09,NA,NA,LU2_2021
LU2_26,54.96789,-111.41759000000002,LU2,473266.132958704,6091298.034746433,2021-07-13,2022-09-09,NA,NA,LU2_2021
LU2_27,55.00145,-111.65134,LU2,458336.5454957909,6095146.770380339,2021-07-14,2022-02-05,NA,NA,LU2_2021
LU2_29,54.85585999999999,-111.5666,LU2,463625.81360743905,6078898.925866748,2021-07-15,2022-02-06,NA,NA,LU2_2021
LU2_30,54.85813,-111.60098,LU2,461420.9037220108,6079169.90778577,2021-07-15,2022-02-06,NA,NA,LU2_2021
LU2_31,54.86417,-111.47372,LU2,469594.660125124,6079779.357431664,2021-07-15,2022-02-06,NA,NA,LU2_2021
LU2_32,54.862350000000006,-111.44610000000002,LU2,471366.1258143794,6079565.199059446,2021-07-12,2022-02-06,NA,NA,LU2_2021
LU2_33,54.86687,-111.50648,LU2,467494.17554875696,6080094.509078377,2021-07-15,2022-02-06,NA,NA,LU2_2021
LU2_34,54.88479999999999,-111.40033,LU2,474318.2294316063,6082045.59360432,2021-07-12,2022-02-06,NA,NA,LU2_2021
LU2_36,54.92015000000001,-111.3576,LU2,477079.497549966,6085964.385809537,2021-07-12,2022-02-06,NA,NA,LU2_2021
LU2_38,54.92608,-111.52653,LU2,466256.917023036,6086692.618792167,2021-07-14,2022-09-09,NA,NA,LU2_2021
LU2_39,54.92213000000001,-111.49615,LU2,468200.7108370284,6086238.857308163,2021-07-14,2022-09-09,NA,NA,LU2_2021
LU2_40,54.93723,-111.58392,LU2,462589.4250190661,6087962.512980707,2021-07-14,2022-09-09,NA,NA,LU2_2021
LU2_42,54.92949,-111.45815,LU2,470641.5516073907,6087041.252984204,2021-07-13,2022-09-10,NA,NA,LU2_2021
LU2_44,54.954519999999995,-111.4257,LU2,472737.8879676007,6089813.386663649,2021-07-13,2022-09-09,NA,NA,LU2_2021
LU2_46,54.96857000000001,-111.51454,LU2,467060.0586465061,6091415.044264333,2021-07-13,2022-09-10,NA,NA,LU2_2021
LU2_47,54.97673,-111.64797,LU2,458526.62638959475,6092394.016158897,2021-07-14,2022-09-09,NA,NA,LU2_2021
LU2_50,54.97719,-111.49719000000002,LU2,468177.5815568264,6092366.2225644095,2021-07-13,2022-09-10,NA,NA,LU2_2021
LU2_51,54.99653000000001,-111.47964,LU2,469315.607925073,6094510.486454813,2021-07-13,2022-09-10,NA,NA,LU2_2021
LU2_52,54.99463,-111.40199,LU2,474281.92770205694,6094267.7521530315,2021-07-14,2022-09-09,NA,NA,LU2_2021
LU2_54,55.003310000000006,-111.41174,LU2,473663.8424467024,6095237.273446027,2021-07-14,2022-09-09,NA,NA,LU2_2021
LU2_56,55.01672,-111.39808,LU2,474546.06718953233,6096724.45673433,2021-07-14,2022-09-10,NA,NA,LU2_2021
LU2_57,55.04159,-111.39145,LU2,474985.4928656691,6099489.563561463,2021-07-14,2022-09-10,NA,NA,LU2_2021
LU3_5,55.34055,-110.86127,LU3,508799.029886293,6132697.312765524,2021-07-11,2022-06-12,NA,NA,LU3_2021
LU3_7,55.40634,-110.75082,LU3,515778.1710184562,6140038.291056751,2021-07-09,2022-06-11,NA,NA,LU3_2021
LU3_10,55.43207,-110.78266,LU3,513753.1111679702,6142894.933676382,2021-07-09,2022-02-02,NA,NA,LU3_2021
LU3_102,55.33055,-110.85629,LU3,509117.18482819793,6131585.102715841,2021-07-11,2022-06-12,NA,NA,LU3_2021
LU3_103,55.33152,-110.8249,LU3,511108.34170375566,6131697.6057975795,2021-07-11,2022-06-12,NA,NA,LU3_2021
LU3_106,55.36141,-111.09341,LU3,494078.5294417808,6135013.936368762,2021-07-11,NA,"CAMERA NOT RETRIEVED. Camera site is now a cutblock, camera was cut down.",NA,LU3_2021
LU3_111,55.39863,-111.1192,LU3,492450.73542144016,6139158.49304738,2021-07-11,2022-02-04,NA,NA,LU3_2021
LU3_126,55.55315,-110.772418,LU3,514357.1105510331,6156371.72381252,2021-07-09,2022-06-11,NA,NA,LU3_2021
LU3_129,55.57962,-110.82375,LU3,511111.3389484834,6159308.137924508,2021-07-09,2022-02-02,NA,NA,LU3_2021
LU3_13,55.50208,-111.11472,LU3,492753.45177435863,6150670.675934829,2021-07-11,2022-06-12,NA,NA,LU3_2021
LU3_131,55.33239,-110.79513,LU3,512996.6627579125,6131799.574156738,2021-07-11,2022-06-12,NA,NA,LU3_2021
LU3_137,55.42564,-111.19794,LU3,487472.46878421615,6142175.697127149,2021-07-11,2022-02-03,NA,NA,LU3_2021
LU3_14,55.50061,-111.09364,LU3,494084.796825925,6150505.086960996,2021-07-08,2022-02-03,NA,NA,LU3_2021
LU3_147,55.53844,-110.84415,LU3,509835.5425435173,6154722.177849479,2021-07-09,2022-02-02,NA,NA,LU3_2021
LU3_15,55.4944,-110.79516,LU3,512941.6932385247,6149829.068270007,2021-07-10,2022-06-11,NA,NA,LU3_2021
LU3_17,55.51204,-110.85303,LU3,509281.3475851985,6151782.940232315,2021-07-10,2022-06-11,NA,NA,LU3_2021
LU3_18,55.537310000000005,-111.11633,LU3,492658.3144197544,6154591.537174502,2021-07-11,2022-06-12,NA,NA,LU3_2021
LU3_19,55.52431000000001,-111.07001,LU3,495580.1510309342,6153140.864593251,2021-07-08,2022-06-11,NA,NA,LU3_2021
LU3_20,55.526700000000005,-111.04119,LU3,497399.76355040894,6153405.388919049,2021-07-08,2022-02-03,NA,NA,LU3_2021
LU3_21,55.52354,-110.91676,LU3,505255.1835402552,6153056.093214652,2021-07-08,2022-02-03,NA,NA,LU3_2021
LU3_25,55.54139,-110.90796000000002,LU3,505808.122084191,6155043.297382094,2021-07-08,2022-02-03,NA,NA,LU3_2021
LU3_27,55.5513,-110.96253,LU3,502363.9246339349,6156142.962497661,2021-07-10,2022-02-03,NA,NA,LU3_2021
LU3_28,55.55154399999999,-110.88773,LU3,507082.8961920753,6156175.20210105,2021-07-09,2022-02-02,NA,NA,LU3_2021
LU3_32,55.40952,-111.20451,LU3,487051.38526526967,6140382.962538892,2021-07-08,2022-02-03,NA,NA,LU3_2021
LU3_36,55.44785999999999,-111.22414,LU3,485822.25189025747,6144653.516965243,2021-07-10,2022-02-04,NA,NA,LU3_2021
LU3_38,55.44705999999999,-110.76387,LU3,514936.46408868744,6144566.99640336,2021-07-09,2022-02-02,NA,NA,LU3_2021
LU3_39,55.46641,-111.23818,LU3,484941.23648513545,6146720.842725276,2021-07-10,2022-02-04,NA,NA,LU3_2021
LU3_40,55.47251000000001,-111.16615,LU3,489496.89896806446,6147386.458834506,2021-07-10,2022-02-04,NA,NA,LU3_2021
LU3_41,55.461859999999994,-111.16666,LU3,489461.81950414,6146201.325079897,2021-07-10,2022-02-04,NA,NA,LU3_2021
LU3_44,55.50131,-110.84864,LU3,509561.181555201,6150589.413188099,2021-07-10,2022-06-11,NA,NA,LU3_2021
LU3_45,55.51747,-110.96503,LU3,502208.0980088377,6152377.980253921,2021-07-08,2022-02-03,NA,NA,LU3_2021
LU3_46,55.5084,-110.89555,LU3,506596.7639679032,6151372.994819645,2021-07-09,2022-02-02,NA,NA,LU3_2021
LU3_48,55.54892,-111.09771,LU3,493835.25491279067,6155881.791647588,2021-07-08,2022-06-12,NA,NA,LU3_2021
LU3_50,55.551649999999995,-111.03035,LU3,498085.28220603854,6156181.694458925,2021-07-08,2022-02-03,NA,NA,LU3_2021
LU3_51,55.55753,-110.82767,LU3,510870.3091573543,6156849.138287979,2021-07-09,2022-02-02,NA,NA,LU3_2021
LU3_52,55.56306,-110.89193,LU3,506815.9329059855,6157456.387839948,2021-07-09,2022-02-02,NA,NA,LU3_2021
LU3_49,55.55693,-111.07931,LU3,494997.1698275393,6156771.738574815,2021-07-08,2022-02-03,NA,NA,LU3_2021
LU13_18,57.179930000000006,-111.5902,LU13,464320.0739628832,6337569.614511734,2022-09-18,2023-09-27,NA,NA,LU13_2022
LU13_15,57.14037,-111.59116000000002,LU13,464223.8632156805,6333166.465912139,2022-09-18,2023-09-27,NA,NA,LU13_2022
LU13_3,57.12465,-111.49142000000002,LU13,470247.3084264982,6331368.676032839,2022-09-18,2023-09-27,NA,NA,LU13_2022
LU13_34,57.12297000000001,-111.45408,LU13,472506.76850448793,6331165.998673154,2022-09-18,2023-09-27,NA,NA,LU13_2022
LU13_57,57.20649,-111.05726,LU13,496540.86488449504,6340373.257721259,2022-09-18,2023-09-24,NA,NA,LU13_2022
LU13_16,57.16297000000001,-111.58554,LU13,464585.5722862072,6335679.26593479,2022-09-18,2023-09-27,NA,NA,LU13_2022
LU13_21,57.19368,-111.58622,LU13,464573.8392547519,6339098.137356905,2022-09-18,2023-09-27,NA,NA,LU13_2022
LU13_37,57.11808,-111.37926,LU13,477033.84740603017,6330593.99285106,2022-09-18,2023-09-27,NA,NA,LU13_2022
LU13_55,57.11781,-111.30484,LU13,481540.2090756391,6330541.343869722,2022-09-18,2023-09-27,NA,NA,LU13_2022
LU13_47,57.1871,-111.09103,LU13,494497.902779457,6338217.005614256,2022-09-18,2023-09-24,NA,NA,LU13_2022
LU13_51,57.08858,-111.25424,LU13,484592.1939485075,6327275.00139388,2022-09-16,2023-09-24,NA,NA,LU13_2022
LU13_27,57.097150000000006,-111.24763000000002,LU13,484996.24288582953,6328227.511506748,2022-09-16,2023-09-24,NA,NA,LU13_2022
LU13_5,57.1115,-111.21362000000002,LU13,487061.8854939164,6329817.9447749965,2022-09-16,2023-09-23,NA,NA,LU13_2022
LU13_26,57.08022,-111.27681,LU13,483220.60531814536,6326349.718606728,2022-09-16,2023-09-24,NA,NA,LU13_2022
LU13_35,57.11565,-111.43315,LU13,473768.8360320066,6330342.923998093,2022-09-16,2023-09-26,NA,NA,LU13_2022
LU13_13,57.07174,-111.30007,LU13,481806.50896256446,6325411.716689266,2022-09-16,2023-09-24,NA,NA,LU13_2022
LU13_128,57.063210000000005,-111.3068,LU13,481394.1976718645,6324464.006005322,2022-09-16,2023-09-24,NA,NA,LU13_2022
LU13_131,57.06533000000001,-111.32229999999998,LU13,480455.3224948368,6324704.32650561,2022-09-16,2023-09-24,NA,NA,LU13_2022
LU13_12,57.057739999999995,-111.31858,LU13,480676.964330659,6323858.38122181,2022-09-16,2023-09-24,NA,NA,LU13_2022
LU13_33,57.0561,-111.33517,LU13,479669.8288322192,6323680.641388611,2022-09-16,2023-09-24,NA,NA,LU13_2022
LU13_32,57.04958,-111.34759,LU13,478912.7864094643,6322958.631600377,2022-09-16,2023-09-24,NA,NA,LU13_2022
LU13_30,57.04375,-111.36054,LU13,478123.7272529245,6322313.737581318,2022-09-16,2023-09-24,NA,NA,LU13_2022
LU13_53,57.11683,-111.2645,LU13,483982.5942887108,6330422.06073381,2022-09-15,2023-09-24,NA,NA,LU13_2022
LU13_22,57.17485,-111.12086,LU13,492692.4812117806,6336856.156385674,2022-09-15,2023-09-24,NA,NA,LU13_2022
LU13_19,57.163340000000005,-111.13,LU13,492137.4099684517,6335575.900099875,2022-09-15,2023-09-24,NA,NA,LU13_2022
LU13_45,57.1554,-111.14605,LU13,491164.79037309525,6334693.999751847,2022-09-15,2023-09-24,NA,NA,LU13_2022
LU13_8,57.14077,-111.17169,LU13,489609.6155952056,6333069.034034191,2022-09-15,2023-09-24,NA,NA,LU13_2022
LU13_43,57.14806,-111.15834999999998,LU13,490418.8126757553,6333878.587190207,2022-09-15,2023-09-24,NA,NA,LU13_2022
LU13_41,57.13169,-111.18623,LU13,488726.921400142,6332060.579590536,2022-09-15,2023-09-24,NA,NA,LU13_2022
LU13_59,57.12108,-111.25407,LU13,484615.9670030699,6330892.7576912735,2022-09-15,2023-09-24,NA,NA,LU13_2022
LU13_6,57.12073000000001,-111.2196,LU13,486703.0083957579,6330846.551176109,2022-09-15,2023-09-24,NA,NA,LU13_2022
LU13_14,57.12302,-111.19258,LU13,488339.8123069894,6331096.525420971,2022-09-15,2023-09-24,NA,NA,LU13_2022
LU13_52,57.11729,-111.41942000000002,LU13,474601.4282416654,6330520.287483885,2022-09-15,2023-09-27,NA,NA,LU13_2022
LU13_36,57.12073000000001,-111.38155,LU13,476896.82666234055,6330889.754647152,2022-09-15,2023-09-27,NA,NA,LU13_2022
LU13_38,57.11777,-111.35448,LU13,478534.2170245104,6330551.415765374,2022-09-15,2023-09-27,NA,NA,LU13_2022
LU13_20,57.1806,-111.10409,LU13,493707.4169632783,6337494.564737168,2022-09-14,2023-09-24,NA,NA,LU13_2022
LU13_17,57.16414,-111.10896,LU13,493410.0815294281,6335662.725005699,2022-09-15,2023-09-24,NA,NA,LU13_2022
LU13_56,57.1521,-111.10345,LU13,493741.2939270289,6334321.936245136,2022-09-15,2023-09-24,NA,NA,LU13_2022
LU13_49,57.193340000000006,-111.07793,LU13,495290.4957489808,6338910.653045533,2022-09-15,2023-09-24,NA,NA,LU13_2022
LU13_70,57.19792,-111.05211,LU13,496851.2522681376,6339419.00489534,2022-09-15,2023-09-24,NA,NA,LU13_2022
LU13_11,57.17275000000001,-111.04179,LU13,497473.12089306954,6336616.685389035,2022-09-15,2023-09-24,NA,NA,LU13_2022
LU15_44,56.21265,-112.87608,LU15,383644.1967974084,6231330.82566303,2022-09-13,2023-09-12,NA,NA,LU15_2022
LU15_11,56.212140000000005,-112.83254,LU15,386342.71401509346,6231201.422951982,2022-09-13,2023-09-12,NA,NA,LU15_2022
LU15_19,56.2124,-112.85681,LU15,384838.4259052674,6231270.64182791,2022-09-13,2023-09-11,NA,NA,LU15_2022
LU15_7,56.2118,-112.98846,LU15,376672.61732752214,6231431.643172883,2022-09-13,2023-09-12,NA,NA,LU15_2022
LU15_34,56.1777,-112.99898,LU15,375910.20354111807,6227656.0379533665,2022-09-13,2023-09-12,NA,NA,LU15_2022
LU15_37,56.1802,-112.86945,LU15,383957.40160727943,6227708.671682663,2022-09-13,2023-09-12,NA,NA,LU15_2022
LU15_18,56.21154,-112.93424000000002,LU15,380034.120252682,6231307.015188408,2022-09-13,2023-09-12,NA,NA,LU15_2022
LU15_43,56.21047,-112.89617,LU15,382391.6986376757,6231122.337027976,2022-09-13,2023-09-12,NA,NA,LU15_2022
LU15_10,56.21595000000001,-112.9125,LU15,381395.91071771376,6231760.122069757,2022-09-13,2023-09-12,NA,NA,LU15_2022
LU15_58,56.22151000000001,-112.9139,LU15,381326.2859146924,6232381.235544913,2022-09-13,2023-09-12,NA,NA,LU15_2022
LU15_8,56.215085,-112.806392,LU15,387972.8418194661,6231486.332417059,2022-09-13,2023-09-12,NA,NA,LU15_2022
LU15_12,56.179370000000006,-112.82142,LU15,386935.94673362625,6227536.514374171,2022-09-13,2022-11-17,NA,NA,LU15_2022
LU15_17,56.1792,-112.74088,LU15,391934.3650670384,6227388.450767236,2022-09-13,2023-09-12,NA,NA,LU15_2022
LU15_1,56.13297000000001,-113.01591,LU15,374713.9036239059,6222709.350921845,2022-09-13,2023-09-13,NA,NA,LU15_2022
LU15_26,56.13686,-113.00198,LU15,375592.06429534184,6223116.995745056,2022-09-13,2023-09-13,NA,NA,LU15_2022
LU15_27,56.13768,-112.9838,LU15,376724.2666191504,6223175.602775043,2022-09-13,2023-09-13,NA,NA,LU15_2022
LU15_28,56.13708,-112.94679,LU15,379021.88992029266,6223043.315520902,2022-09-13,2023-09-13,NA,NA,LU15_2022
LU15_2,56.134530000000005,-112.92681,LU15,380255.38929692,6222724.702334563,2022-09-13,2023-09-13,NA,NA,LU15_2022
LU15_29,56.13785,-112.91135,LU15,381226.2769669248,6223067.412171774,2022-09-13,2023-09-13,NA,NA,LU15_2022
LU15_30,56.138250000000006,-112.88976,LU15,382568.94125089975,6223074.95990311,2022-09-13,2023-09-13,NA,NA,LU15_2022
LU15_31,56.138200000000005,-112.87376999999998,LU15,383562.2855690564,6223042.291356101,2022-09-13,2023-09-13,NA,NA,LU15_2022
LU15_32,56.1378,-112.85918,LU15,384467.600225394,6222973.249768891,2022-09-13,2023-09-13,NA,NA,LU15_2022
LU15_20,56.21454,-113.06107,LU15,372179.07888247794,6231868.831640249,2022-09-13,2023-09-12,NA,NA,LU15_2022
LU15_21,56.217110000000005,-113.01251,LU15,375198.4878545134,6232065.807939357,2022-09-13,2023-09-12,NA,NA,LU15_2022
LU15_23,56.20251000000001,-113.05704,LU15,372389.00771009346,6230522.741561345,2022-09-12,2023-09-12,NA,NA,LU15_2022
LU15_41,56.19308,-113.05862,LU15,372259.664578309,6229476.358393606,2022-09-12,2023-09-12,NA,NA,LU15_2022
LU15_25,56.21123,-112.96203,LU15,378309.7953091972,6231321.237305047,2022-09-12,2023-09-12,NA,NA,LU15_2022
LU15_9,56.21596,-112.97829,LU15,377316.5699316274,6231876.399602427,2022-09-12,2023-09-12,NA,NA,LU15_2022
LU15_24,56.21198,-113.04411000000002,LU15,373222.26250159263,6231552.644362559,2022-09-12,2023-09-12,NA,NA,LU15_2022
LU15_46,56.21193,-113.0253,LU15,374388.5278243866,6231512.639791253,2022-09-12,2023-09-12,NA,NA,LU15_2022
LU15_40,56.18027,-112.73063,LU15,392573.5519461748,6227491.504812227,2022-09-12,2023-09-12,NA,NA,LU15_2022
LU15_16,56.17765,-112.76156000000002,LU15,390646.393808054,6227248.568999442,2022-09-12,2023-09-12,NA,NA,LU15_2022
LU15_4,56.17984,-112.92477,LU15,380522.8820049821,6227763.093384468,2022-09-12,2023-09-12,NA,NA,LU15_2022
LU15_36,56.17767,-112.95157,LU15,378852.7207795314,6227568.387544958,2022-09-12,2023-09-12,NA,NA,LU15_2022
LU15_3,56.17757,-113.04402000000002,LU15,373114.2923690789,6227723.54488496,2022-09-12,2023-09-12,NA,NA,LU15_2022
LU15_15,56.1834,-113.06137,LU15,372056.8388989137,6228404.331965728,2022-09-12,2023-09-12,NA,NA,LU15_2022
LU15_14,56.169160000000005,-113.07427,LU15,371208.63004443573,6226843.821752284,2022-09-12,2023-09-12,NA,NA,LU15_2022
LU15_22,56.39487999999999,-112.88846999999998,LU15,383432.152655207,6251630.289285858,2022-09-11,2023-09-14,NA,NA,LU15_2022
LU15_61,56.38513,-112.9044,LU15,382418.9507153663,6250572.416531802,2022-09-11,2023-09-14,NA,NA,LU15_2022
LU21_106,56.56523000000001,-112.03402,LU21,436456.1635078832,6269469.572345366,2022-09-20,2023-09-25,NA,NA,LU21_2022
LU21_10,56.59103,-111.9936,LU21,438981.5692574392,6272304.462227466,2022-09-20,2023-09-25,NA,NA,LU21_2022
LU21_16,56.625220000000006,-111.97281,LU21,440312.21555504366,6276091.586833734,2022-09-20,2023-09-25,NA,NA,LU21_2022
LU21_107,56.56608,-111.93458,LU21,442568.13358018413,6269476.565340248,2022-09-20,2023-09-25,NA,NA,LU21_2022
LU21_41,56.66848,-111.90783,LU21,444362.72741277807,6280851.930425276,2022-09-20,2023-09-25,NA,NA,LU21_2022
LU21_63,56.60868,-111.96630999999999,LU21,440685.0871134181,6274245.012039926,2022-09-20,2023-06-07,NA,NA,LU21_2022
LU21_27,56.62148,-112.14841,LU21,429531.6492898697,6275841.888197901,2022-09-20,2023-09-25,NA,NA,LU21_2022
LU21_23,56.59241000000001,-112.20293,LU21,426129.677708716,6272663.765477277,2022-09-20,2023-09-25,NA,NA,LU21_2022
LU21_21,56.566300000000005,-112.1497,LU21,429349.60745790834,6269701.72267447,2022-09-20,2023-09-25,NA,NA,LU21_2022
LU21_82,56.529900000000005,-112.16532999999998,LU21,428320.41948923055,6265666.662961301,2022-09-20,2023-09-25,NA,NA,LU21_2022
LU21_871,56.55634,-112.09488,LU21,432700.5156188311,6268538.108624721,2022-09-20,2023-09-25,NA,NA,LU21_2022
LU21_164,56.61886,-111.93586,LU21,442569.58453788667,6275352.165597901,2022-09-20,2023-09-25,NA,NA,LU21_2022
LU21_36,56.64851000000001,-111.94768000000002,LU21,441889.8504883785,6278662.24832146,2022-09-20,2023-09-25,NA,NA,LU21_2022
LU21_14,56.61864,-112.09007,LU21,433106.291729833,6275467.394560907,2022-09-20,2023-09-25,NA,NA,LU21_2022
LU21_32,56.638760000000005,-112.16299,LU21,428669.6511435296,6277780.216576908,2022-09-20,2023-09-25,NA,NA,LU21_2022
LU21_126,56.62290000000001,-112.17958,LU21,427621.8287353436,6276032.383011452,2022-09-20,2023-09-25,NA,NA,LU21_2022
LU21_122,56.57432,-112.17445,LU21,427844.0460511797,6270620.0810455885,2022-09-20,2023-09-25,NA,NA,LU21_2022
LU21_56,56.55825,-112.187,LU21,427042.1145643776,6268844.78193593,2022-09-20,2023-09-25,NA,NA,LU21_2022
LU21_57,56.56273000000001,-112.14105,LU21,429874.5279454236,6269295.517381342,2022-09-20,2023-09-25,NA,NA,LU21_2022
LU21_9,56.58638,-112.06113,LU21,434826.6315991096,6271848.993304222,2022-09-20,2023-09-25,NA,NA,LU21_2022
LU21_98,56.51305,-111.87949,LU21,445877.82872147375,6263529.4971444085,2022-09-20,2023-09-25,NA,NA,LU21_2022
LU21_119,56.57495,-112.000478,LU21,438533.11024036794,6270520.875414853,2022-09-20,2023-10-02,NA,NA,LU21_2022
LU21_52,56.53988,-111.93567,LU21,442461.41451836174,6266561.3788411515,2022-09-20,2023-09-25,NA,NA,LU21_2022
LU21_59,56.56464,-111.58272999999998,LU21,464188.2997858943,6269077.355030616,2022-09-17,2023-10-02,NA,NA,LU21_2022
LU21_68,56.63286,-111.71055,LU21,456411.8770615854,6276744.549557965,2022-09-17,2023-10-02,NA,NA,LU21_2022
LU21_109,56.56289,-111.90173,LU21,444582.1036626353,6269094.513999412,2022-09-17,2023-09-25,NA,NA,LU21_2022
LU21_93,56.56624,-111.84483,LU21,448083.5099951249,6269422.898809442,2022-09-17,2023-10-02,NA,NA,LU21_2022
LU21_114,56.55014,-111.73336,LU21,454914.2656503903,6267552.174327797,2022-09-17,2023-10-02,NA,NA,LU21_2022
LU21_105,56.55542,-111.68693,LU21,457774.52757166827,6268110.340271657,2022-09-17,2023-10-02,NA,NA,LU21_2022
LU21_100,56.53842,-111.90392,LU21,444411.6623220557,6266372.728073668,2022-09-17,2023-09-25,NA,NA,LU21_2022
LU21_74,56.51803,-111.86436,LU21,446815.8474417375,6264071.961809687,2022-09-17,2023-09-25,NA,NA,LU21_2022
LU21_78,56.52056,-111.82865,LU21,449016.42305042094,6264326.479208799,2022-09-17,2023-10-02,NA,NA,LU21_2022
LU21_153,56.550459999999994,-111.78557,LU21,451704.9666780816,6267623.291786216,2022-09-17,2023-10-02,NA,NA,LU21_2022
LU21_6,56.519659999999995,-111.67987999999998,LU21,458168.4785494851,6264125.797611713,2022-09-17,2023-10-02,NA,NA,LU21_2022
LU21_116,56.55143999999999,-111.63882999999998,LU21,460727.0552528939,6267638.803909827,2022-09-17,2023-10-02,NA,NA,LU21_2022
LU21_97,56.57623,-111.59377,LU21,463521.00306775887,6270373.196170448,2022-09-17,2023-10-02,NA,NA,LU21_2022
LU1_13,54.60634,-110.72349,LU1,517860.66818018013,6051021.891309919,2022-06-13,2023-09-10,NA,NA,LU1_2022
LU1_30,54.73432,-110.82258,LU1,511424.15943137114,6065241.908204695,2022-06-13,2023-09-10,NA,NA,LU1_2022
LU1_85,54.73971000000001,-110.71049,LU1,518639.19765712455,6065865.68579549,2022-06-13,2023-05-25,NA,NA,LU1_2022
LU1_66,54.70777,-110.72408,LU1,517778.22296196065,6062308.085680805,2022-06-14,2023-09-10,NA,NA,LU1_2022
LU1_76,54.70008,-110.70893,LU1,518757.9210049606,6061456.338101148,2022-06-14,2022-12-26,NA,NA,LU1_2022
LU1_73,54.675050000000006,-110.70935,LU1,518742.38346785546,6058671.068673693,2022-06-14,2023-09-10,NA,NA,LU1_2022
LU1_75,54.68616,-110.69173,LU1,519873.16744600306,6059912.152166309,2022-06-14,2023-09-10,NA,NA,LU1_2022
LU1_47,54.617839999999994,-110.48721000000002,LU1,533113.3118253504,6052387.198038379,2022-06-15,2023-09-09,NA,NA,LU1_2022
LU1_74,54.66743,-110.26517,LU1,547393.5628430925,6058032.326147448,2022-06-15,2023-09-10,NA,NA,LU1_2022
LU1_44,54.59921000000001,-110.47691,LU1,533793.854956572,6050319.135362371,2022-06-15,2023-09-09,NA,NA,LU1_2022
LU1_41,54.594100000000005,-110.29359,LU1,545642.6551964608,6049854.132664412,2022-06-15,2023-09-10,NA,NA,LU1_2022
LU1_64,54.69595000000001,-110.31862,LU1,543915.5147019767,6061171.0032300865,2022-06-16,2023-09-09,NA,NA,LU1_2022
LU1_86,54.73745,-110.34254,LU1,542330.617004722,6065774.063896275,2022-06-16,2023-07-27,NA,NA,LU1_2022
LU1_79,54.703970000000005,-110.33426,LU1,542899.0558042112,6062053.725407843,2022-06-16,2023-09-09,NA,NA,LU1_2022
LU1_63,54.69512000000001,-110.38139,LU1,539870.8038651495,6061041.19200159,2022-06-16,2022-12-05,NA,NA,LU1_2022
LU1_72,54.65901,-110.41977,LU1,537430.3559633855,6057002.070236914,2022-06-16,2022-09-22,NA,NA,LU1_2022
LU1_67,54.75274,-110.55328,LU1,528751.385144662,6067368.674344985,2022-06-16,2023-09-09,NA,NA,LU1_2022
LU1_77,54.700920000000004,-110.53466000000002,LU1,529988.0140915285,6061610.310552047,2022-06-16,2022-09-22,NA,NA,LU1_2022
LU1_32,54.74266,-110.54806,LU1,529094.5727078938,6066249.192262178,2022-06-16,2023-09-09,NA,NA,LU1_2022
LU1_36,54.72431000000001,-110.53843,LU1,529727.9499859876,6064211.370486616,2022-06-16,2023-09-09,NA,NA,LU1_2022
LU1_84,54.72892000000001,-110.50404,LU1,531939.2348060943,6064739.446890527,2022-06-16,2023-09-09,NA,NA,LU1_2022
LU1_25,54.692400000000006,-110.549,LU1,529069.9948021881,6060656.239644214,2022-06-17,2023-09-09,NA,NA,LU1_2022
LU1_83,54.73326,-110.54852,LU1,529071.6893751898,6065203.035231719,2022-06-17,2023-09-09,NA,NA,LU1_2022
LU1_80,54.71254,-110.54085,LU1,529580.6559765858,6062900.669334268,2022-06-17,2023-09-09,NA,NA,LU1_2022
LU1_70,54.60699,-110.56893,LU1,527843.7001830979,6051144.471224809,2022-06-17,2023-04-11,NA,NA,LU1_2022
LU1_48,54.60776,-110.40762000000002,LU1,538262.2182523218,6051306.011127127,2022-06-17,2023-09-09,NA,NA,LU1_2022
LU1_45,54.59816000000001,-110.37065,LU1,540659.6693352675,6050258.579091811,2022-06-17,2023-09-09,NA,NA,LU1_2022
LU1_11,54.588892,-110.48226,LU1,533456.6812036387,6049168.492295013,2022-06-17,2023-09-09,NA,NA,LU1_2022
LU1_40,54.58176,-110.57063,LU1,527751.0422112439,6048336.444604886,2022-06-17,2023-08-24,NA,NA,LU1_2022
LU1_6,54.56253000000001,-110.60829,LU1,525328.9342540767,6046182.504395512,2022-06-17,2023-09-10,NA,NA,LU1_2022
LU1_10,54.58592,-110.60129,LU1,525766.8107989627,6048787.659593273,2022-06-17,2022-12-05,NA,NA,LU1_2022
LU1_43,54.608610000000006,-110.51104,LU1,531581.652536649,6051349.203132933,2022-06-18,2023-09-09,NA,NA,LU1_2022
LU1_71,54.63866,-110.50838,LU1,531730.0655292924,6054694.0864779595,2022-06-18,2023-09-09,NA,NA,LU1_2022
LU1_22,54.65007,-110.48788,LU1,533043.9067839758,6055973.139892376,2022-06-18,2023-09-09,NA,NA,LU1_2022
LU1_60,54.690430000000006,-110.50311,LU1,532029.4430693227,6060457.00132527,2022-06-18,2023-09-09,NA,NA,LU1_2022
LU1_78,54.69755000000001,-110.37037999999998,LU1,540577.9887446966,6061317.889308336,2022-06-18,2023-09-09,NA,NA,LU1_2022
LU1_46,54.616679999999995,-110.51263,LU1,531472.7289227777,6052246.442997281,2022-06-18,2023-09-09,NA,NA,LU1_2022
LU1_82,54.703959000000005,-110.08388,LU1,559032.7028347463,6062234.287410351,2022-06-15,2023-09-10,NA,NA,LU1_2022
LU1_27,54.69098,-110.7394,LU1,516798.0541118343,6060436.038469366,2022-06-14,2023-09-10,NA,NA,LU1_2022
LU9_5,55.90594,-113.6983,LU9,331327.57922979794,6198901.1150807375,2023-09-15,2024-09-09,NA,NA,LU9_2023
LU9_6,55.9047,-113.66641,LU9,333315.18485922605,6198685.843458697,2023-09-15,2024-09-09,NA,NA,LU9_2023
LU9_7,55.920350000000006,-113.66419,LU9,333521.0227930289,6200421.5729281325,2023-09-16,2024-09-10,NA,NA,LU9_2023
LU9_8,55.915510000000005,-113.64588,LU9,334644.2587813516,6199839.181603092,2023-09-15,2024-09-09,NA,NA,LU9_2023
LU9_100,56.09786,-113.39996,LU9,350714.6576276187,6219566.873118631,2023-09-13,2024-09-09,NA,NA,LU9_2023
LU9_102,56.10159,-113.78246,LU9,326945.22902590287,6220875.295462604,2023-09-14,2024-09-10,NA,NA,LU9_2023
LU9_106,56.111239999999995,-113.39658,LU9,350976.5755666171,6221048.257183494,2023-09-13,2024-09-09,NA,NA,LU9_2023
LU9_112,56.13584,-113.29684,LU9,357268.44215331704,6223574.450870412,2023-09-13,2024-09-09,NA,NA,LU9_2023
LU9_113,56.12781,-113.26157,LU9,359430.4780364692,6222608.556760681,2023-09-13,2024-09-09,Low battery indicated but operational,NA,LU9_2023
LU9_12,55.92810000000001,-113.67606,LU9,332812.8741536753,6201312.409244694,2023-09-15,2024-09-10,NA,NA,LU9_2023
LU9_13,55.93485999999999,-113.48714,LU9,344639.8674818643,6201623.802879752,2023-09-15,2024-09-09,NA,NA,LU9_2023
LU9_18,55.938930000000006,-113.68761,LU9,332138.33522591693,6202545.242170981,2023-09-15,2024-09-10,NA,NA,LU9_2023
LU9_21,55.95747999999999,-113.71101000000002,LU9,330758.1950499629,6204665.996144182,2023-09-16,2024-09-10,NA,NA,LU9_2023
LU9_24,55.97636,-113.71067,LU9,330861.8257737261,6206765.567000931,2023-09-15,2024-09-10,NA,NA,LU9_2023
LU9_28,55.98741999999999,-113.76594,LU9,327463.39584631304,6208132.645181491,2023-09-15,2024-09-10,NA,NA,LU9_2023
LU9_29,55.97969,-113.73471,LU9,329376.8878967967,6207195.134082885,2023-09-15,2024-09-10,NA,NA,LU9_2023
LU9_30,55.99221000000001,-113.70862,LU9,331058.85159898724,6208523.871254768,2023-09-15,2024-09-10,NA,NA,LU9_2023
LU9_31,55.9869,-113.68733,LU9,332363.393755305,6207881.268975285,2023-09-16,2024-09-10,NA,NA,LU9_2023
LU9_32,55.98812,-113.66647,LU9,333669.53478559427,6207966.57928773,2023-09-16,2024-09-10,NA,NA,LU9_2023
LU9_33,55.98747999999999,-113.64686,LU9,334889.7223174517,6207848.340957581,2023-09-16,2024-09-10,NA,NA,LU9_2023
LU9_39,55.98985,-113.44392000000002,LU9,347555.391323958,6207645.648735001,2023-09-14,2024-09-09,NA,NA,LU9_2023
LU9_41,56.00175,-113.76165000000002,LU9,327794.6728658419,6209716.135101121,2023-09-15,2024-09-10,NA,NA,LU9_2023
LU9_44,56.00827,-113.47067,LU9,345960.4976724539,6209754.374393638,2023-09-15,2024-09-09,NA,NA,LU9_2023
LU9_51,56.02089,-113.36845,LU9,352380.3999475783,6210935.272271564,2023-09-14,2024-09-09,Low battery indicated upon retreival but operational. Camera stopped taking photos after September 9th,NA,LU9_2023
LU9_55,56.02372,-113.49660000000002,LU9,344406.3613614314,6211531.436157736,2023-09-16,2024-09-09,NA,NA,LU9_2023
LU9_57,56.02872000000001,-113.4364,LU9,348176.9287784307,6211953.749174683,2023-09-16,2024-09-09,NA,NA,LU9_2023
LU9_62,56.035720000000005,-113.76742000000002,LU9,327586.4627194472,6213509.6608081795,2023-09-15,2024-09-10,NA,NA,LU9_2023
LU9_63,56.0298,-113.73437,LU9,329618.8383983696,6212769.026657029,2023-09-16,2024-09-10,NA,NA,LU9_2023
LU9_64,56.0397,-113.72797,LU9,330061.0397036609,6213854.63437843,2023-09-15,2024-09-10,NA,NA,LU9_2023
LU9_65,56.04187,-113.54919,LU9,341204.2003029699,6213670.469296013,2023-09-16,2024-09-09,NA,NA,LU9_2023
LU9_67,56.03918,-113.40793,LU9,349991.21661229973,6213055.31762657,2023-09-16,2024-09-09,NA,NA,LU9_2023
LU9_68,56.04655,-113.36591,LU9,352636.508521109,6213784.836598418,2023-09-14,2024-09-09,NA,NA,LU9_2023
LU9_72,56.05514,-113.72662,LU9,330212.97154011164,6215569.024305202,2023-09-15,2024-09-10,NA,NA,LU9_2023
LU9_73,56.05505,-113.5569,LU9,340778.3615119045,6215154.588018821,2023-09-16,2024-09-09,NA,NA,LU9_2023
LU9_75,56.05522,-113.48314,LU9,345371.0790777862,6215005.844584988,2023-09-14,2024-09-09,NA,NA,LU9_2023
LU9_76,56.06062,-113.45915,LU9,346886.03193488123,6215553.176051333,2023-09-16,2024-09-09,NA,NA,LU9_2023
LU9_77,56.057039999999994,-113.42562,LU9,348959.2384986668,6215081.003191185,2023-09-14,2024-09-09,NA,NA,LU9_2023
LU9_79,56.06759,-113.76394,LU9,327945.1989504297,6217046.498732634,2023-09-14,2024-09-10,NA,NA,LU9_2023
LU9_80,56.06609,-113.73965,LU9,329450.185739927,6216819.340822431,2023-09-15,2024-09-10,NA,NA,LU9_2023
LU9_81,56.06139,-113.52341,LU9,342889.10768446105,6215783.230241707,2023-09-16,2024-02-09,"Retrived in field Sept 9. ""Error Replace SD"" upon retreival. Camera stopped taking photos after 09-Feb-2024 19:03:17",NA,LU9_2023
LU9_82,56.06802,-113.4772,LU9,345791.9996807646,6216416.675019162,2023-09-14,2024-09-09,NA,NA,LU9_2023
LU9_85,56.07789,-113.77494,LU9,327306.73636358336,6218219.842301777,2023-09-14,2024-09-10,NA,NA,LU9_2023
LU9_86,56.08713,-113.52008,LU9,343200.9717199162,6218639.439381805,2023-09-14,2024-09-09,NA,NA,LU9_2023
LU9_87,56.07875000000001,-113.44093,LU9,348091.54901683994,6217530.068752799,2023-09-14,2024-09-09,NA,NA,LU9_2023
LU9_90,56.09386,-113.33807,LU9,354548.51799951924,6218989.65439079,2023-09-13,2024-09-09,NA,NA,LU9_2023
LU9_93,56.08794,-113.78278,LU9,326864.0711750712,6219357.543220903,2023-09-16,2024-09-10,NA,NA,LU9_2023
LU9_94,56.09827000000001,-113.76354,LU9,328106.8120697979,6220458.650601982,2023-09-14,2024-09-10,NA,NA,LU9_2023
LU9_96,56.10025,-113.50814,LU9,343996.7647285445,6220072.090293532,2023-09-14,2024-09-09,NA,NA,LU9_2023
LU9_98,56.09850000000001,-113.47141,LU9,346273.81137041794,6219794.952977927,2023-09-14,2024-09-09,NA,NA,LU9_2023
LU9_27,55.969370000000005,-113.36397,LU9,352463.39553669083,6205193.500822302,2023-09-15,2024-09-09,NA,NA,LU9_2023
LU14_3,56.94589,-112.30953,LU14,420336.21882470045,6312125.769456703,2023-09-30,2024-09-30,NA,NA,LU14_2023
LU14_7,56.9571,-112.41011000000002,LU14,414243.7738258533,6313495.178990953,2023-09-30,2024-09-30,NA,NA,LU14_2023
LU14_8,56.95589,-112.38725,LU14,415631.1661896453,6313332.052127257,2023-09-30,2024-09-30,NA,NA,LU14_2023
LU14_9,56.95599,-112.36073,LU14,417244.13928227354,6313310.7568694,2023-09-30,2024-09-30,NA,NA,LU14_2023
LU14_100,57.21349,-112.32694,LU14,419856.3233502198,6341931.293747484,2023-09-26,2024-09-26,NA,NA,LU14_2023
LU14_102,57.21218,-112.24976,LU14,424514.8027022622,6341697.3515789015,2023-09-26,2024-09-26,NA,NA,LU14_2023
LU14_105,57.226420000000005,-112.42336,LU14,414063.35302271094,6343487.984663296,2023-09-26,2024-09-26,NA,NA,LU14_2023
LU14_110,57.24136,-112.55234,LU14,406314.71765268134,6345320.896703065,2023-09-26,2024-09-27,NA,NA,LU14_2023
LU14_114,57.23443,-112.3881,LU14,416210.1987792412,6344335.62362766,2023-09-26,2024-09-26,NA,NA,LU14_2023
LU14_115,57.23761,-112.3089,LU14,420997.39010993845,6344594.955181667,2023-09-26,2024-09-26,NA,NA,LU14_2023
LU14_120,57.27318,-112.59342,LU14,403918.62523982994,6348919.772431652,2023-09-26,2024-09-27,NA,NA,LU14_2023
LU14_121,57.26169,-112.5294,LU14,407749.8451524951,6347552.379374946,2023-09-26,2024-09-27,NA,NA,LU14_2023
LU14_131,57.28914,-112.27245,LU14,423304.45476634015,6350289.010309863,2023-09-26,2024-09-26,the black reconyx data bars on the top and bottom of each image glitched after image 534 but info still populated in timelapse,NA,LU14_2023
LU14_135,57.32076,-112.36021,LU14,418085.54469904024,6353910.823777473,2023-09-26,2024-09-26,NA,NA,LU14_2023
LU14_16,56.959219999999995,-112.29803,LU14,421063.9390673828,6313596.093109183,2023-10-03,2024-09-27,NA,NA,LU14_2023
LU14_17,56.96855000000001,-112.19186,LU14,427538.0888221619,6314516.955820921,2023-10-03,2024-09-26,NA,NA,LU14_2023
LU14_19,56.98159,-112.45065,LU14,411836.40365610167,6316272.524921992,2023-09-30,2024-09-30,NA,NA,LU14_2023
LU14_20,56.97155,-112.4352,LU14,412751.826859002,6315135.234977585,2023-09-30,2024-09-30,NA,NA,LU14_2023
LU14_250,57.020590000000006,-112.16242,LU14,429426.4260379256,6320278.484541901,2023-10-02,2024-09-26,NA,NA,LU14_2023
LU14_30,57.01174,-112.49358,LU14,409300.9363864574,6319684.43367259,2023-09-30,2024-09-30,NA,NA,LU14_2023
LU14_31,57.00264,-112.47708,LU14,410280.9187900837,6318649.809394082,2023-09-30,2024-09-30,NA,NA,LU14_2023
LU14_33,57.00923,-112.3383,LU14,418724.2495313491,6319209.576564437,2023-10-03,2024-09-27,NA,NA,LU14_2023
LU14_37,57.01992,-112.10431,LU14,432953.04854866746,6320145.36173619,2023-10-02,2024-09-26,NA,NA,LU14_2023
LU14_47,57.03347,-112.55693,LU14,405509.469917243,6322188.872381493,2023-09-30,2024-09-30,NA,NA,LU14_2023
LU14_48,57.031310000000005,-112.53831,LU14,406633.99521472526,6321922.852359931,2023-09-30,2024-09-30,NA,NA,LU14_2023
LU14_49,57.02781,-112.51659,LU14,407943.48739405646,6321503.813706188,2023-09-30,2024-09-30,NA,NA,LU14_2023
LU14_51,57.03178,-112.43441,LU14,412940.63235834654,6321837.896992686,2023-10-03,2024-09-27,NA,NA,LU14_2023
LU14_54,57.04813000000001,-112.59723,LU14,403102.0806370251,6323876.9979516715,2023-09-30,2024-09-30,NA,NA,LU14_2023
LU14_56,57.066,-112.44809,LU14,412191.2109344503,6325664.165930759,2023-10-03,2024-09-27,NA,NA,LU14_2023
LU14_57,57.04958,-112.31251,LU14,420376.7059290082,6323670.2989174295,2023-10-03,NA,Un retrievable due to flooding,NA,LU14_2023
LU14_61,57.056,-112.6067,LU14,402548.2502697878,6324766.397424504,2023-09-30,2024-09-30,NA,NA,LU14_2023
LU14_62,57.06214000000001,-112.13075,LU14,431425.6851036093,6324871.019883973,2023-10-02,2024-09-26,Field datasheet incorrectly states Oct 3 as start date,NA,LU14_2023
LU14_63,57.07264,-112.60155,LU14,402904.04106148647,6326611.067908779,2023-09-30,2024-09-30,NA,NA,LU14_2023
LU14_66,57.085910000000005,-112.60819,LU14,402536.3333226355,6328097.469171536,2023-09-30,2024-02-10,"Retrieved in field Sept 30. ""Error Replace SD"" message upon retreival. Camera stops capturing images after Feb 10th",NA,LU14_2023
LU14_70,57.0854,-112.17182,LU14,428979.5863553371,6327502.029904097,2023-10-02,2024-04-04,"Retrieved in field Sept  26. ""Error Replace SD"" message upon retreival. Camera stops capturing images after April 4th",NA,LU14_2023
LU14_71,57.099720000000005,-112.35362,LU14,417993.64808687,6329299.776270689,2023-10-03,2024-09-27,NA,NA,LU14_2023
LU14_72,57.099850000000004,-112.30749,LU14,420788.41671731626,6329259.748961244,2023-10-02,2024-09-27,NA,NA,LU14_2023
LU14_74,57.11259,-112.29683,LU14,421461.140151398,6330665.45700316,2023-10-02,2024-09-27,NA,NA,LU14_2023
LU14_76,57.1339,-112.31454,LU14,420434.3718317401,6333057.904554643,2023-10-02,2024-09-27,NA,NA,LU14_2023
LU14_78,57.14869,-112.39216,LU14,415770.21368976025,6334797.315912318,2023-10-03,2024-09-27,NA,NA,LU14_2023
LU14_80,57.15258,-112.14778,LU14,430562.312907953,6334954.96085588,2023-10-02,2024-09-26,NA,NA,LU14_2023
LU14_84,57.16385,-112.20978,LU14,426833.9554086697,6336274.237214656,2023-10-02,2024-08-06,"Retrieved in field Sept 26. ""Error Replace SD"" message upon retrieval. Camera stops capturing images after August 6th",NA,LU14_2023
LU14_85,57.17165,-112.5036,LU14,409084.7367175521,6337495.973138275,2023-10-03,2024-09-27,NA,NA,LU14_2023
LU14_86,57.16994,-112.28728,LU14,422159.9619625439,6337037.920845731,2023-09-26,2024-09-26,NA,NA,LU14_2023
LU14_88,57.19172,-112.46383,LU14,411537.18728729326,6339677.503117145,2023-10-03,2024-09-27,NA,NA,LU14_2023
LU14_91,57.188190000000006,-112.12025,LU14,432292.8473643552,6338891.000647993,2023-09-26,2024-09-26,NA,NA,LU14_2023
LU14_92,57.19552000000001,-112.49829,LU14,409464.17740180704,6340145.705398979,2023-09-26,2024-09-27,NA,NA,LU14_2023
LU14_96,57.19223000000001,-112.2138,LU14,426647.0918803796,6339437.485481922,2023-09-26,2024-09-26,NA,NA,LU14_2023
LU14_97,57.21857000000001,-112.54814,LU14,406510.52130139514,6342778.541420585,2023-09-26,2024-09-27,NA,NA,LU14_2023
LU14_75,57.13144,-112.51261,LU14,408440.7147838744,6333032.567205313,2023-10-03,2024-09-27,NA,NA,LU14_2023
LU16_2,57.20954,-111.00751,LU16,499546.3506055781,6340711.352803083,2023-10-01,2024-09-28,NA,NA,LU16_2023
LU16_3,57.21346,-110.98463,LU16,500928.34249181015,6341147.803411579,2023-10-01,2024-09-28,NA,NA,LU16_2023
LU16_15,57.25314,-111.0137,LU16,499173.4130368188,6345564.939668037,2023-10-01,2024-09-28,NA,NA,LU16_2023
LU16_20,57.26106,-110.98528,LU16,500887.9379566395,6346446.60630802,2023-10-01,2024-09-28,NA,NA,LU16_2023
LU16_200,57.344069999999995,-111.16485,LU16,490078.3191231738,6355699.261713245,2023-10-01,2024-09-28,NA,NA,LU16_2023
LU16_201,57.32199,-111.22929,LU16,486191.6527824921,6353252.527222611,2023-10-01,2024-09-28,NA,NA,LU16_2023
LU16_202,57.313779999999994,-111.238,LU16,485663.9233144941,6352340.385446687,2023-10-01,2024-09-28,NA,NA,LU16_2023
LU16_203,57.29753000000001,-111.26814,LU16,483841.302501033,6350538.179873571,2023-10-01,2024-09-28,NA,NA,LU16_2023
LU16_22,57.268440000000005,-111.04905,LU16,497041.80392033607,6347269.117598976,2023-10-04,2024-09-28,NA,NA,LU16_2023
LU16_23,57.269540000000006,-110.99068,LU16,500562.07068155945,6347390.543035926,2023-10-01,2024-09-28,NA,NA,LU16_2023
LU16_24,57.280730000000005,-110.98764,LU16,500745.180972369,6348636.245774767,2023-10-01,2024-09-28,NA,NA,LU16_2023
LU16_25,57.30696,-111.10987,LU16,493380.6813431815,6351561.458133927,2023-10-01,2024-09-28,NA,NA,LU16_2023
LU16_26,57.31717,-111.11306,LU16,493190.3816628011,6352698.35831867,2023-10-01,2024-09-28,NA,NA,LU16_2023
LU16_270,57.51564,-111.50916,LU16,469498.8270391799,6374901.253665057,2023-10-04,2024-09-24,NA,NA,LU16_2023
LU16_28,57.33581,-111.19855,LU16,488047.36755534174,6354785.164663371,2023-10-01,2024-09-28,NA,NA,LU16_2023
LU16_300,57.21725,-111.02139,LU16,498708.1840888144,6341569.801156589,2023-10-01,2024-09-28,NA,NA,LU16_2023
LU16_301,57.23484,-111.04526,LU16,497267.8930633397,6343528.61358946,2023-10-01,2024-09-28,NA,NA,LU16_2023
LU16_302,57.24204,-111.01058,LU16,499361.4657635176,6344329.25683307,2023-10-01,2024-09-28,NA,NA,LU16_2023
LU16_303,57.23633000000001,-111.02443,LU16,498525.3494731496,6343693.836669405,2023-10-01,2024-09-28,NA,NA,LU16_2023
LU16_313,57.28475,-111.09251,LU16,494423.206657136,6349087.47406007,2023-10-04,2024-09-28,NA,NA,LU16_2023
LU16_314,57.25639,-111.06755,LU16,495924.74238844286,6345928.666751804,2023-10-04,2024-09-28,NA,NA,LU16_2023
LU16_36,57.33492,-111.22568,LU16,486413.82693455514,6354691.179117712,2023-10-01,2024-09-28,NA,NA,LU16_2023
LU16_37,57.33694,-111.18068,LU16,489123.466965191,6354907.960403221,2023-10-01,2024-09-28,NA,NA,LU16_2023
LU16_49,57.47615,-111.53667,LU16,467816.135757444,6370517.830688619,2023-10-04,2024-09-24,NA,NA,LU16_2023
LU16_52,57.49052,-111.50633,LU16,469647.51258792065,6372103.565916917,2023-10-04,2024-09-24,NA,NA,LU16_2023
LU16_54,57.49797,-111.45538,LU16,472707.29465185467,6372911.303241753,2023-09-29,2024-09-24,NA,NA,LU16_2023
LU16_55,57.497910000000005,-111.4763,LU16,471453.44228097063,6372913.221408561,2023-09-29,2024-01-16,Retrieved in field Sept 24. Camera stops capturing images affter 16-Jan-2024 06:15:37,NA,LU16_2023
LU16_57,57.50681,-111.43999,LU16,473636.04370392114,6373889.319387967,2023-09-29,2024-09-24,NA,NA,LU16_2023
LU16_58,57.510479999999994,-111.42342,LU16,474631.44782109855,6374291.5653498685,2023-09-29,2024-09-24,NA,NA,LU16_2023
LU16_60,57.52402,-111.40755,LU16,475591.31180495326,6375793.067812621,2023-10-04,2024-09-24,NA,NA,LU16_2023
LU16_62,57.52477,-111.37714,LU16,477413.05747882463,6375866.039133837,2023-09-29,2024-09-24,NA,NA,LU16_2023
LU16_63,57.52407,-111.1943,LU16,488363.1095743681,6375742.044442952,2023-09-28,2024-09-24,NA,NA,LU16_2023
LU16_64,57.53079,-111.39218,LU16,476516.1866513379,6376541.3090869635,2023-09-29,2023-09-29,"Retrieved in field Sept 24. ""Card Error #114"" No data images captured. Stoped capturing images after slate photo.",NA,LU16_2023
LU16_67,57.51599,-111.18156,LU16,489123.7198196969,6374840.43221962,2023-09-28,2024-09-24,NA,NA,LU16_2023
LU16_68,57.53948,-111.26984,LU16,483845.7452324809,6377473.010881951,2023-09-28,2024-09-24,NA,NA,LU16_2023
LU16_69,57.535210000000006,-111.30865,LU16,481520.1921690339,6377007.553093511,2023-09-28,2024-09-24,NA,NA,LU16_2023
LU16_70,57.53098,-111.23334,LU16,486027.5990661376,6376518.656849171,2023-09-28,2024-09-24,NA,NA,LU16_2023
LU16_71,57.54227,-111.24512,LU16,485326.7511516136,6377777.994959924,2023-09-28,2024-09-24,NA,NA,LU16_2023
LU16_72,57.557649999999995,-111.47166,LU16,471777.7214232695,6379561.726046585,2023-09-28,2024-09-24,NA,NA,LU16_2023
LU16_73,57.551489999999994,-111.40896,LU16,475525.2829041025,6378851.638033858,2023-09-28,2024-09-24,NA,NA,LU16_2023
LU16_74,57.54376,-111.40054,LU16,476024.10828720854,6377988.09998351,2023-09-29,2024-09-24,NA,NA,LU16_2023
LU16_75,57.535410000000006,-111.37523,LU16,477533.9914569755,6377049.890490298,2023-09-29,2024-09-24,NA,NA,LU16_2023
LU16_77,57.54812,-111.30955,LU16,481472.85844522377,6378444.995109329,2023-09-28,2024-09-24,"Camera is programmed 2 hrs behind, corrected",NA,LU16_2023
LU16_80,57.53865,-111.32841,LU16,480338.95865255286,6377396.057525969,2023-09-28,2024-09-24,NA,NA,LU16_2023
LU16_81,57.53815000000001,-111.29247,LU16,482490.3436169184,6377330.558845944,2023-09-28,2024-09-24,NA,NA,LU16_2023
LU16_83,57.55526,-111.43022000000002,LU16,474255.6212398843,6379279.191950018,2023-09-28,2024-09-24,NA,NA,LU16_2023
LU16_84,57.55958,-111.41671,LU16,475067.0058125744,6379755.0692642555,2023-09-28,2024-09-24,NA,NA,LU16_2023
LU16_85,57.55818,-111.39724,LU16,476231.0335593328,6379592.231949637,2023-09-29,2024-09-24,NA,NA,LU16_2023
LU16_88,57.542190000000005,-111.34637,LU16,479265.7563790622,6377795.48711883,2023-09-29,2024-09-24,"Camera is programmed 1 day behind, corrected",NA,LU16_2023
LU22_110,57.08053,-115.04659,LU22,254792.95719879997,6333623.722998941,2023-09-20,2024-09-07,NA,NA,LU22_2023
LU22_48,56.93743,-114.96295,LU22,258933.16025275207,6317412.344329895,2023-09-20,2024-09-07,"Datasheet said end date was Sept 6, corrected manually",NA,LU22_2023
LU22_107,57.07735,-114.94152000000004,LU22,261135.14681068016,6332897.153754484,2023-09-20,2024-09-07,NA,NA,LU22_2023
LU22_49,56.93194,-114.93654,LU22,260503.4466552032,6316708.9112661295,2023-09-20,2024-09-07,NA,NA,LU22_2023
LU22_103,57.06662,-114.8876,LU22,264332.6829815184,6331516.278376067,2023-09-20,2024-09-07,NA,NA,LU22_2023
LU22_44,56.9196,-114.85827,LU22,265184.8384491951,6315064.856075843,2023-09-20,2024-09-07,NA,NA,LU22_2023
LU22_21,56.87619,-114.8343,LU22,266371.7253169073,6310154.976880197,2023-09-19,2024-09-06,NA,NA,LU22_2023
LU22_15,56.85428999999999,-114.83213,LU22,266367.2534645194,6307712.0058657015,2023-09-19,2024-09-06,NA,NA,LU22_2023
LU22_50,56.93489,-114.81908,LU22,267663.63452772633,6316631.302107565,2023-09-19,2024-09-07,NA,NA,LU22_2023
LU22_38,56.92197,-114.78486,LU22,269664.54082872334,6315078.523527502,2023-09-19,2024-01-28,"Retrieved in field Sept 7. ""Error Replace SD"" message upon retrieval. Camera stops capturing images after Jan 28.",NA,LU22_2023
LU22_22,56.87814,-114.7846,LU22,269410.2287190327,6310203.0743030775,2023-09-19,2024-09-06,NA,NA,LU22_2023
LU22_85,57.02431000000001,-114.76451000000002,LU22,271530.1562545214,6326392.069336773,2023-09-20,2024-09-06,NA,NA,LU22_2023
LU22_33,56.8931,-114.76378,LU22,270769.69631495234,6311796.827492304,2023-09-19,2024-09-06,NA,NA,LU22_2023
LU22_34,56.902,-114.75753,LU22,271204.5839913945,6312765.710889661,2023-09-19,2024-09-06,NA,NA,LU22_2023
LU22_11,56.8379,-114.75189,LU22,271156.30739386927,6305617.843248155,2023-09-19,2024-09-06,NA,NA,LU22_2023
LU22_29,56.88538,-114.74471,LU22,271883.40026734845,6310874.4271014165,2023-09-19,2024-09-06,NA,NA,LU22_2023
LU22_86,57.01931,-114.73642,LU22,273203.4961111668,6325742.2786459,2023-09-20,2024-09-06,NA,NA,LU22_2023
LU22_80,57.00723,-114.73636,LU22,273133.5412556007,6324398.552516008,2023-09-20,2024-09-06,NA,NA,LU22_2023
LU22_17,56.864889999999995,-114.73563,LU22,272311.6009624169,6308565.307880576,2023-09-19,2024-09-06,NA,NA,LU22_2023
LU22_35,56.89601,-114.73399,LU22,272600.68593854655,6312020.946460297,2023-09-19,2024-09-06,NA,NA,LU22_2023
LU22_63,56.97141,-114.72468,LU22,273624.84345899266,6320375.909842051,2023-09-20,2024-09-06,NA,NA,LU22_2023
LU22_30,56.880889999999994,-114.72423,LU22,273103.0447187025,6310306.890263161,2023-09-19,2024-09-06,NA,NA,LU22_2023
LU22_4,56.82068,-114.7117,LU22,273502.2828021118,6303568.890191709,2023-09-19,2024-09-06,NA,NA,LU22_2023
LU22_36,56.90241,-114.70744,LU22,274255.29882514535,6312644.720941468,2023-09-19,2024-09-06,NA,NA,LU22_2023
LU22_76,56.99687,-114.69523,LU22,275567.0643623868,6323110.345404952,2023-09-20,2024-09-06,NA,NA,LU22_2023
LU22_5,56.822190000000006,-114.68971,LU22,274852.4875796503,6303664.229806572,2023-09-19,2024-09-06,NA,NA,LU22_2023
LU22_87,57.01785999999999,-114.6878,LU22,276144.28220286965,6325420.482061884,2023-09-20,2024-09-06,NA,NA,LU22_2023
LU22_25,56.8749,-114.66645,LU22,276585.5554839649,6309450.362244281,2023-09-19,2024-09-06,NA,NA,LU22_2023
LU22_89,57.02902,-114.65743,LU22,278053.32658725674,6326562.528815917,2023-09-20,2024-09-06,NA,NA,LU22_2023
LU22_18,56.86026,-114.64916,LU22,277551.5804849148,6307765.697105906,2023-09-19,2024-09-06,NA,NA,LU22_2023
LU22_32,56.88297,-114.62615,LU22,279087.53802371764,6310216.947386268,2023-09-19,2024-09-06,NA,NA,LU22_2023
LU22_8,56.837219999999995,-114.62565,LU22,278848.00271359447,6305126.875024515,2023-09-19,2024-09-06,NA,NA,LU22_2023
LU22_6,56.81301,-114.62326,LU22,278850.98982393485,6302426.444154083,2023-09-21,2023-10-22,"Retrieved in field Sept 6. Camera stops capturing images after Oct 22, 2023",NA,LU22_2023
LU22_81,57.01878,-114.62211,LU22,280135.0234476422,6325309.263129374,2023-09-20,2024-09-06,NA,NA,LU22_2023
LU22_7,56.82454,-114.61899,LU22,279179.35745426046,6303695.049177172,2023-09-21,2024-09-06,NA,NA,LU22_2023
LU22_69,56.992160000000005,-114.6179,LU22,280233.41997249733,6322334.89756941,2023-09-20,2024-09-08,NA,NA,LU22_2023
LU22_70,56.99237000000001,-114.56931,LU22,283184.63930413144,6322202.89030534,2023-09-21,2024-09-07,NA,NA,LU22_2023
LU22_82,57.00713,-114.55493,LU22,284143.2234376769,6323799.041054042,2023-09-21,2024-09-07,NA,NA,LU22_2023
LU22_94,57.035720000000005,-114.55388,LU22,284372.62468652613,6326975.741215391,2023-09-21,2024-09-07,NA,NA,LU22_2023
LU22_101,57.051199999999994,-114.53072,LU22,285866.244138318,6328624.6327269785,2023-09-21,2024-09-07,NA,NA,LU22_2023
LU22_71,56.99336,-114.52732,LU22,285739.6665283183,6322180.439921975,2023-09-21,2024-09-07,NA,NA,LU22_2023
LU22_77,56.99992,-114.50988,LU22,286836.01852826326,6322855.512768574,2023-09-21,2024-09-07,NA,NA,LU22_2023
LU22_72,56.992560000000005,-114.49997,LU22,287395.5815441827,6322005.953942663,2023-09-21,2024-09-07,NA,NA,LU22_2023
LU22_65,56.9833,-114.48563,LU22,288213.6116218814,6320931.387649228,2023-09-21,2024-09-07,NA,NA,LU22_2023
LU22_60,56.97107,-114.44941,LU22,290344.49425623624,6319459.248128993,2023-09-21,2024-09-07,NA,NA,LU22_2023
LU22_61,56.96989,-114.41562000000002,LU22,292390.6926155946,6319224.763035239,2023-09-21,2024-09-07,NA,NA,LU22_2023
LU22_53,56.95737999999999,-114.40262,LU22,293111.12388462963,6317793.768159278,2023-09-21,2024-09-07,NA,NA,LU22_2023
LU22_46,56.9445,-114.39758,LU22,293346.12822672783,6316345.805062288,2023-09-21,2024-09-07,NA,NA,LU22_2023
LU22_40,56.925920000000005,-114.38989,LU22,293711.0458081497,6314255.816636079,2023-09-21,2024-09-07,NA,NA,LU22_2023
LU22_47,56.93777,-114.38641,LU22,293988.0827720766,6315563.455030292,2023-09-21,2024-09-07,NA,NA,LU22_2023
LU4_N15_24,55.914489999999994,-111.87921,LU4,445045.3837896178,6196911.838385494,2024-09-22,NA,still deployed as of 2025-09-22,D1,LU4_2024
LU4_M14_24,55.91824,-111.90018,LU4,443740.1341503732,6197346.035651333,2024-09-22,NA,still deployed as of 2025-09-22,D1,LU4_2024
LU4_J14_24,55.933510000000005,-111.95599,LU4,440275.70051397185,6199092.234626255,2024-09-22,NA,still deployed as of 2025-09-22,D1,LU4_2024
LU4_J15_24,55.92326,-111.95122000000002,LU4,440558.0014876725,6197947.400306579,2024-09-22,NA,still deployed as of 2025-09-22,D1,LU4_2024
LU4_I12_24,55.94541,-111.98608,LU4,438414.8170074222,6200442.979521334,2024-09-21,NA,still deployed as of 2025-09-22,D1,LU4_2024
LU4_I13_24,55.93436,-111.97481,LU4,439101.319312145,6199203.2432150645,2024-09-22,NA,still deployed as of 2025-09-22,D1,LU4_2024
LU4_Q10_24,55.97324,-111.80965,LU4,449469.640626851,6203397.178945236,2024-09-22,NA,still deployed as of 2025-09-22,D1,LU4_2024
LU4_O10_24,55.97773,-111.85978,LU4,446347.3212593323,6203934.657544599,2024-09-22,NA,still deployed as of 2025-09-22,D1,LU4_2024
LU4_R7_24,56.02719,-111.7931,LU4,450571.4112399355,6209389.479389067,2024-09-22,NA,still deployed as of 2025-09-22,D1,LU4_2024
LU4_R9_24,56.00365,-111.78338,LU4,451147.4757731475,6206762.714588829,2024-09-22,NA,still deployed as of 2025-09-22,D1,LU4_2024
LU4_T8_24,56.0117,-111.7458,LU4,453500.6287795085,6207632.701455218,2024-09-22,NA,still deployed as of 2025-09-22,D1,LU4_2024
LU4_O16_24,55.89234,-111.8605,LU4,446184.15061247424,6194432.040309359,2024-09-21,NA,still deployed as of 2025-09-22,D1,LU4_2024
LU4_J26_24,55.76973000000001,-111.94558,LU4,440677.0635024017,6180856.3820716,2024-09-21,NA,still deployed as of 2025-09-22,D1,LU4_2024
LU4_K25_24,55.780910000000006,-111.93428000000002,LU4,441402.7459947823,6182090.963468305,2024-09-21,NA,still deployed as of 2025-09-22,D1,LU4_2024
LU4_L23_24,55.805879999999995,-111.91465000000002,LU4,442670.5745571517,6184853.405779424,2024-09-21,NA,still deployed as of 2025-09-22,D1,LU4_2024
LU4_H26_24,55.77022,-112.00691,LU4,436830.3310184401,6180965.119132385,2024-09-21,NA,still deployed as of 2025-09-22,D1,LU4_2024
LU4_K23_24,55.795260000000006,-111.93501,LU4,441378.51605547394,6183688.563819422,2024-09-21,NA,still deployed as of 2025-09-22,D1,LU4_2024
LU4_J21_24,55.83117,-111.95554,LU4,440146.5459040875,6187702.4866285315,2024-09-21,NA,still deployed as of 2025-09-22,D1,LU4_2024
LU4_I21_24,55.83113,-111.98164,LU4,438511.6798914868,6187720.903327952,2024-09-21,NA,still deployed as of 2025-09-22,D1,LU4_2024
LU4_N30_24,55.71499,-111.86361,LU4,445743.5749300306,6174697.346569824,2024-09-21,NA,still deployed as of 2025-09-22,D1,LU4_2024
LU4_O23_24,55.797320000000006,-111.85567,LU4,446355.5145783655,6183853.529044293,2024-09-21,NA,still deployed as of 2025-09-22,D1,LU4_2024
LU4_O22_24,55.819039999999994,-111.85468,LU4,446447.4063693945,6186269.965314373,2024-09-21,NA,still deployed as of 2025-09-22,D1,LU4_2024
LU4_L18_24,55.87907,-111.92156,LU4,442345.89575142623,6193004.396961214,2024-09-21,NA,still deployed as of 2025-09-22,D1,LU4_2024
LU4_L17_24,55.893150000000006,-111.92601,LU4,442088.47547186527,6194575.074030929,2024-09-21,NA,still deployed as of 2025-09-22,D1,LU4_2024
LU4_K17_24,55.88441999999999,-111.94687,LU4,440770.665528935,6193621.170647765,2024-09-21,NA,still deployed as of 2025-09-22,D1,LU4_2024
LU4_K19_24,55.859559999999995,-111.92847,LU4,441884.4830418289,6190838.916740796,2024-09-21,NA,still deployed as of 2025-09-22,D1,LU4_2024
LU4_I22_24,55.81486999999999,-111.98206,LU4,438459.7105619749,6185911.732647317,2024-09-21,NA,still deployed as of 2025-09-22,D1,LU4_2024
LU4_Q20_24,55.84694,-111.80308,LU4,449716.49368591985,6189336.267016291,2024-09-20,NA,still deployed as of 2025-09-22,D1,LU4_2024
LU4_V25_24,55.78956,-111.70454,LU4,455821.32448916027,6182883.218244597,2024-09-20,NA,still deployed as of 2025-09-22,D1,LU4_2024
LU4_P22_24,55.82927,-111.82845,LU4,448104.5045432968,6187388.488761806,2024-09-20,NA,still deployed as of 2025-09-22,D1,LU4_2024
LU4_O21_24,55.83902,-111.85242,LU4,446616.38199904806,6188491.787140376,2024-09-20,NA,still deployed as of 2025-09-22,D1,LU4_2024
LU4_P17_24,55.88746999999999,-111.82773,LU4,448227.0560804756,6193865.05219226,2024-09-20,NA,still deployed as of 2025-09-22,D1,LU4_2024
LU4_Q16_24,55.90385,-111.81104,LU4,449292.32585898606,6195675.642102487,2024-09-20,NA,still deployed as of 2025-09-22,D1,LU4_2024
LU4_V19_24,55.86918,-111.7002,LU4,456183.0611816249,6191741.458703699,2024-09-20,NA,still deployed as of 2025-09-22,D1,LU4_2024
LU4_O17_24,55.87772,-111.85127,LU4,446741.36534570495,6192797.830986013,2024-09-20,NA,still deployed as of 2025-09-22,D1,LU4_2024
LU4_W19_24,55.85603,-111.68882999999998,LU4,456879.99377200264,6190270.831942253,2024-09-20,NA,still deployed as of 2025-09-22,D1,LU4_2024
LU4_Y25_24,55.77042,-111.63433,LU4,460204.3211804763,6180710.572467722,2024-09-20,NA,still deployed as of 2025-09-22,D1,LU4_2024
LU4_S17_24,55.89083,-111.7704,LU4,451817.01919703634,6194197.585022041,2024-09-20,NA,still deployed as of 2025-09-22,D1,LU4_2024
LU4_S18_24,55.87502,-111.77399,LU4,451572.8163769387,6192440.5735071385,2024-09-20,NA,still deployed as of 2025-09-22,D1,LU4_2024
LU4_R14_24,55.92705,-111.78384,LU4,451022.13522393536,6198238.013036998,2024-09-20,NA,still deployed as of 2025-09-22,D1,LU4_2024
LU4_V17_24,55.89145,-111.69994,LU4,456224.3982533385,6194219.767912953,2024-09-20,NA,still deployed as of 2025-09-22,D1,LU4_2024
LU4_U15_24,55.912350000000004,-111.72498,LU4,454682.75165997946,6196561.899089807,2024-09-20,NA,still deployed as of 2025-09-22,D1,LU4_2024
LU4_M12_24,55.95113,-111.90623,LU4,443409.9941451427,6201011.331288654,2024-09-22,NA,still deployed as of 2025-09-22,D1,LU4_2024
LU4_O13_24,55.94499,-111.86098,LU4,446227.0644478283,6200291.892595046,2024-09-22,NA,still deployed as of 2025-09-22,D1,LU4_2024
LU4_P15_24,55.917579999999994,-111.81956,LU4,448777.7560341754,6197209.950818497,2024-09-22,NA,still deployed as of 2025-09-22,D1,LU4_2024
LU4_E15_24,55.905029999999996,-112.06311,LU4,433535.06707010965,6196020.418775275,2024-09-19,NA,still deployed as of 2025-09-22,D1,LU4_2024
LU4_G17_24,55.88353,-112.02958,LU4,435595.6507598717,6193596.00716159,2024-09-19,NA,still deployed as of 2025-09-22,D1,LU4_2024
LU4_G13_24,55.94081,-112.03049,LU4,435633.69043701194,6199971.489145523,2024-09-19,NA,still deployed as of 2025-09-22,D1,LU4_2024
LU4_G12_24,55.94603,-112.01728,LU4,436467.325188296,6200540.205061694,2024-09-19,NA,still deployed as of 2025-09-22,D1,LU4_2024
LU4_F14_24,55.92842,-112.04711000000002,LU4,434574.73952891055,6198608.210024544,2024-09-19,NA,still deployed as of 2025-09-22,D1,LU4_2024
LU3_102_24,55.33079,-110.85664,LU3,509094.92534079193,6131611.765355075,2024-09-18,2025-09-13,NA,D1,LU3_2024
LU3_5_24,55.3405,-110.86115,LU3,508806.65204146574,6132691.763673473,2024-09-18,NA,destroyed by fire (M122). No redeployment.,D1,LU3_2024
LU3_103_24,55.33155,-110.82492,LU3,511107.06451494194,6131700.941155893,2024-09-18,NA,destroyed by fire (HLPXN10080599). New cam redeployed.,D1,LU3_2024
LU3_131_24,55.33242,-110.79507,LU3,513000.4592461557,6131802.923897924,2024-09-18,NA,destroyed by fire (HLPXN10081023). No redeployment. Last pic May 29,D1,LU3_2024
LU3_39_24,55.46697,-111.2413,LU3,484744.1933031013,6146783.843515233,2024-09-18,2025-09-13,NA,D1,LU3_2024
LU3_18_24,55.53701,-111.11601,LU3,492678.4541472719,6154558.1167814415,2024-09-18,2025-09-13,NA,D1,LU3_2024
LU3_20_24,55.52674,-111.04176,LU3,497363.7833486548,6153409.86193821,2024-09-18,2025-09-15,NA,D1,LU3_2024
LU3_19_24,55.52441,-111.07006,LU3,495577.0056655511,6153151.996633201,2024-09-18,2025-09-15,NA,D1,LU3_2024
LU3_111_24,55.39867,-111.11929,LU3,492445.04310492886,6139162.954261384,2024-09-18,2025-09-13,NA,D1,LU3_2024
LU3_AB21_24,55.353739999999995,-110.92094,LU3,505012.7609062595,6134159.2498757215,2024-09-18,2025-09-13,NA,D1,LU3_2024
LU3_27_24,55.55134,-110.96258,LU3,502360.7678135672,6156147.412361896,2024-09-18,2025-09-15,NA,D1,LU3_2024
LU3_36_24,55.44802,-111.22444,LU3,485803.333176252,6144671.384053836,2024-09-18,2025-09-15,NA,D1,LU3_2024
LU3_40_24,55.47228,-111.16622,LU3,489492.4127758119,6147360.873282464,2024-09-18,2025-09-13,NA,D1,LU3_2024
LU3_41_24,55.46191,-111.16662,LU3,489464.3620956653,6146206.88338582,2024-09-18,2025-09-13,NA,D1,LU3_2024
LU3_52_24,55.56309,-110.89193,LU3,506815.92771225446,6157459.726517699,2024-09-17,2025-09-14,NA,D1,LU3_2024
LU3_15_24,55.49429,-110.79481,LU3,512963.8421650483,6149816.891813893,2024-09-17,NA,destroyed by fire (ACME-2022-38). No redeployment.,D1,LU3_2024
LU3_44_24,55.50127,-110.84861,LU3,509563.0863016951,6150584.965791902,2024-09-17,2025-09-14,NA,D1,LU3_2024
LU3_17_24,55.512170000000005,-110.85307,LU3,509278.7909548461,6151797.402366916,2024-09-17,2025-09-14,NA,D1,LU3_2024
LU3_147_24,55.538610000000006,-110.84389,LU3,509851.90837568906,6154741.13376434,2024-09-17,2025-09-14,NA,D1,LU3_2024
LU3_51_24,55.55735,-110.82727,LU3,510895.59031357325,6156829.168917988,2024-09-17,2025-09-14,NA,D1,LU3_2024
LU3_AH7_24,55.55022,-110.78812,LU3,513367.53903649177,6156042.514746911,2024-09-17,NA,destroyed by fire (ACME-2022-37). No redeployment.,D1,LU3_2024
LU3_126_24,55.55331,-110.77219,LU3,514371.435619946,6156389.5771635845,2024-09-17,NA,destroyed by fire (HLPXHN100080928). No redeployment.,D1,LU3_2024
LU3_129_24,55.5796,-110.82379,LU3,511108.8228758167,6159305.905737386,2024-09-17,2025-02-15,last pic (2024-25) is Feb 15,D1,LU3_2024
LU3_28_24,55.55165999999999,-110.88823,LU3,507051.3314107409,6156188.060772927,2024-09-14,2025-09-14,NA,D1,LU3_2024
LU3_AH14_24,55.44932,-110.8048,LU3,512346.7245904381,6144810.478736508,2024-09-14,NA,destroyed by fire (ACME-2023-53). No redeployment.,D1,LU3_2024
LU3_38_24,55.44714,-110.76325,LU3,514975.6519708126,6144576.03264552,2024-09-14,NA,destroyed by fire (ACME-2022-24). No redeployment.,D1,LU3_2024
LU3_13_24,55.50204,-111.11476,LU3,492750.9177368985,6150666.228579591,2024-09-16,2025-09-13,NA,D1,LU3_2024
LU3_25_24,55.54145,-110.90795,LU3,505808.7442819204,6155049.975550907,2024-09-14,2025-09-14,Slate photo is 20min ahead. Correct time is 14:21,D1,LU3_2024
LU3_21_24,55.52354,-110.91692000000002,LU3,505245.0822769797,6153056.081128608,2024-09-14,2025-09-14,NA,D1,LU3_2024
LU3_AC10_24,55.49767,-110.89947,LU3,506350.91480480705,6150178.507739998,2024-09-14,2025-09-14,NA,D1,LU3_2024
LU3_46_24,55.50836,-110.89548,LU3,506601.19165946235,6151368.549934033,2024-09-14,2025-09-14,NA,D1,LU3_2024
LU3_10_24,55.432,-110.78262,LU3,513755.66667115415,6142887.151518168,2024-09-14,2025-09-14,destroyed by fire (ACME-2023-31). No redeployment.,D1,LU3_2024
LU3_AE12_24,55.46934,-110.86,LU3,508850.751430867,6147030.038883708,2024-09-14,2025-09-14,NA,D1,LU3_2024
LU3_7_24,55.40626,-110.75069,LU3,515786.43453883985,6140029.417647693,2024-09-14,2025-09-14,destroyed by fire (ACME-2023-33). No redeployment.,D1,LU3_2024
LU3_14_24,55.50077,-111.09359,LU3,494087.9792761916,6150522.88880969,2024-09-12,NA,"camera stopped early (acme-2024-65), power issues?",D1,LU3_2024
LU3_137_24,55.42558,-111.19794,LU3,487472.4497903948,6142169.019932412,2024-09-13,NA,"no photos from 2024-25, camera was not armed properly",D1,LU3_2024
LU3_M20_24,55.36191,-111.22409,LU3,485794.61915254686,6135088.4636045005,2024-09-13,2025-09-15,NA,D1,LU3_2024
LU3_L22_24,55.34597,-111.25957,LU3,483538.8856617146,6133322.389569685,2024-09-13,2025-09-15,NA,D1,LU3_2024
LU3_J23_24,55.33335,-111.29207,LU3,481471.9549651659,6131926.13800034,2024-09-13,2025-09-15,NA,D1,LU3_2024
LU3_U6_24,55.54963,-111.07124,LU3,495505.3877810266,6155958.776458508,2024-09-13,2025-09-15,NA,D1,LU3_2024
LU3_L16_24,55.43167,-111.25236999999998,LU3,484030.0601543298,6142857.901089158,2024-09-13,2025-09-15,NA,D1,LU3_2024
LU3_N18_24,55.39662,-111.20204,LU3,487203.6067453993,6138946.91435419,2024-09-13,2025-09-15,NA,D1,LU3_2024
LU3_L15_24,55.43909,-111.26420000000002,LU3,483284.5967510785,6143686.426317057,2024-09-13,2025-09-15,NA,D1,LU3_2024
LU3_32_24,55.40956,-111.20446,LU3,487054.56410325086,6140387.404688433,2024-09-13,2025-09-15,NA,D1,LU3_2024
LU3_W7_24,55.535720000000005,-111.02058,LU3,498701.1259231465,6154408.635222381,2024-09-13,2025-09-15,NA,D1,LU3_2024
LU3_45_24,55.51741,-110.96526,LU3,502193.5785402974,6152371.295662192,2024-09-13,2025-09-15,NA,D1,LU3_2024
LU3_50_24,55.55157,-111.03038,LU3,498083.3856762018,6156172.792156921,2024-09-13,2025-09-15,NA,D1,LU3_2024
LU3_49_24,55.55693,-111.07929,LU3,494998.4314159951,6156771.737134828,2024-09-13,2025-09-15,NA,D1,LU3_2024
LU3_Y8_24,55.529,-110.99135,LU3,500546.02412586694,6153660.616354126,2024-09-13,2025-09-15,NA,D1,LU3_2024
LU3_48_24,55.54882,-111.09758,LU3,493843.44127494295,6155870.65121995,2024-09-12,2025-09-13,NA,D1,LU3_2024
LU2_21_24,54.94687,-111.62406,LU2,460027.3340244813,6089057.401158405,2024-10-02,2025-09-16,NA,D1,LU2_2024
LU2_34_24,54.884809999999995,-111.4006,LU2,474300.9149857187,6082046.805394434,2024-10-03,2025-09-17,NA,D1,LU2_2024
LU2_O25_24,54.860679999999995,-111.51841,LU2,466723.41985154746,6079411.317609565,2024-10-03,2025-09-18,"2025 slate date incorrect, correct date is Sept 18",D1,LU2_2024
LU2_W21_24,54.91412,-111.34402,LU2,477946.6120422653,6085289.02539836,2024-10-03,2025-09-17,"2025 slate date incorrect, correct date is Sept 17",D1,LU2_2024
LU2_36_24,54.92016,-111.35772,LU2,477071.8118255624,6085965.537869067,2024-10-03,2025-09-17,NA,D1,LU2_2024
LU2_15_24,54.90785,-111.38596,LU2,475254.2172667281,6084605.336605655,2024-10-03,2025-09-17,NA,D1,LU2_2024
LU2_13_24,54.8979,-111.40118,LU2,474272.0508997198,6083503.622214815,2024-10-03,2025-09-17,NA,D1,LU2_2024
LU2_5_24,54.87304,-111.40779,LU2,473832.0437775048,6080739.750707543,2024-10-03,2025-09-17,NA,D1,LU2_2024
LU2_101_24,54.86597,-111.41917,LU2,473097.0842786984,6079957.3425053265,2024-10-03,2025-09-17,NA,D1,LU2_2024
LU2_32_24,54.86232,-111.44619000000002,LU2,471360.32775316475,6079561.897585535,2024-10-03,2025-07-21,NA,D1,LU2_2024
LU2_Q24_24,54.868210000000005,-111.46043,LU2,470450.6163813178,6080223.222978457,2024-10-03,2025-09-17,NA,D1,LU2_2024
LU2_56_24,55.016639999999995,-111.39801,LU2,474550.4924197715,6096715.528986035,2024-10-04,2025-09-16,NA,D1,LU2_2024
LU2_I15_24,54.995160000000006,-111.62073999999998,LU2,460287.6590341225,6094429.039889055,2024-10-04,2025-09-17,NA,D1,LU2_2024
LU2_L20_24,54.93042,-111.56727,LU2,463650.00384052825,6087195.952047442,2024-10-04,2025-09-16,NA,D1,LU2_2024
LU2_L46_24,54.96862,-111.51447,LU2,467064.58079108014,6091420.575157723,2024-10-04,2025-09-16,NA,D1,LU2_2024
LU2_110_24,54.91793,-111.47915,LU2,469287.0690385561,6085763.908015865,2024-10-04,2025-09-16,NA,D1,LU2_2024
LU2_39_24,54.92215000000001,-111.49609,LU2,468204.57209971064,6086241.055580542,2024-10-04,2025-09-16,NA,D1,LU2_2024
LU2_17_24,54.92506,-111.50965,LU2,467337.8487828884,6086571.111488048,2024-10-04,2025-09-16,NA,D1,LU2_2024
LU2_155_24,54.97483,-111.40743,LU2,473921.0633662538,6092066.466140091,2024-10-04,2025-09-16,NA,D1,LU2_2024
LU2_50_24,54.97717,-111.49672,LU2,468207.64763416816,6092363.783346288,2024-10-04,2025-09-16,NA,D1,LU2_2024
LU2_O16_24,54.97984,-111.52131,LU2,466636.0034560033,6092672.343633317,2024-10-04,2025-09-16,NA,D1,LU2_2024
LU2_U13_24,55.026390000000006,-111.39526,LU2,474732.4644724981,6097799.496933406,2024-10-04,2025-09-16,NA,D1,LU2_2024
LU2_44_24,54.95451,-111.42573,LU2,472735.9599902269,6089812.285579418,2024-10-04,NA,"camera stopped in Nov (ACME-2022-108), swapped. Power issues?",D1,LU2_2024
LU2_143_24,54.93753,-111.43223,LU2,472308.0295504684,6087925.3548767585,2024-10-04,2025-09-16,NA,D1,LU2_2024
LU2_18_24,54.92096,-111.4588,LU2,470593.67907244794,6086092.337956357,2024-10-04,2025-09-16,NA,D1,LU2_2024
LU2_52_24,54.99469,-111.40191000000002,LU2,474287.08418784,6094274.3994205855,2024-10-04,2025-09-16,bumped time forward 5min upon deployment,D1,LU2_2024
LU2_123_24,55.006530000000005,-111.66808,LU2,457271.174934234,6095722.154882478,2024-10-02,2025-09-17,NA,D1,LU2_2024
LU2_H16_24,54.98771,-111.64069,LU2,459003.76644595776,6093611.538705647,2024-10-02,2025-09-17,NA,D1,LU2_2024
LU2_27_24,55.00157,-111.65131,LU2,458338.58878894575,6095160.105699078,2024-10-02,2025-09-17,NA,D1,LU2_2024
LU2_31_24,54.864279999999994,-111.47424,LU2,469561.3674520007,6079791.823501855,2024-10-03,2025-09-17,NA,D1,LU2_2024
LU2_3_24,54.87183999999999,-111.48871,LU2,468638.5004979982,6080639.446630126,2024-10-03,2025-09-17,NA,D1,LU2_2024
LU2_J27_24,54.83982,-111.59897,LU2,461532.515630358,6077131.372793152,2024-10-03,2025-09-18,NA,D1,LU2_2024
LU2_E27_24,54.83282,-111.70158,LU2,454934.9270701873,6076413.607732167,2024-10-03,2025-09-17,NA,D1,LU2_2024
LU2_G25_24,54.85085999999999,-111.67184,LU2,456864.4518187632,6078402.264649514,2024-10-02,2025-09-18,some photos turned pink. Broken cam is acme-2022-69,D1,LU2_2024
LU2_G26_24,54.841739999999994,-111.68177,LU2,456217.031867936,6077393.608209671,2024-10-02,2025-09-17,NA,D1,LU2_2024
LU2_106_24,54.88797999999999,-111.78869,LU2,449408.7373521994,6082610.908285439,2024-10-02,2025-09-17,NA,D1,LU2_2024
LU2_20_24,54.95559,-111.63141,LU2,459565.3082987853,6090031.948715524,2024-10-02,2025-09-17,NA,D1,LU2_2024
LU2_25_24,54.97014,-111.63927,LU2,459076.7624428341,6091655.583668354,2024-10-02,2025-09-17,NA,D1,LU2_2024
LU2_40_24,54.93741,-111.58347,LU2,462618.4222332672,6087982.302227784,2024-10-02,2025-09-16,Note new site name with _25 suffix due to repositioning. Slate site name incorrect.,D1,LU2_2024
LU2_38_24,54.926190000000005,-111.52653,LU2,466257.00908475154,6086704.859157451,2024-10-02,2025-09-16,NA,D1,LU2_2024
LU2_137_24,54.94318,-111.59857,LU2,461656.5025904858,6088632.532240364,2024-10-02,2025-09-16,NA,D1,LU2_2024
LU2_47_24,54.97665,-111.64789,LU2,458531.66428341315,6092385.066646826,2024-10-02,2025-09-17,NA,D1,LU2_2024
LU2_26_24,54.967879999999994,-111.41757,LU2,473267.40669854614,6091296.914331258,2024-10-04,2025-09-16,NA,D1,LU2_2024
LU2_H26_24,54.85124999999999,-111.64288,LU2,458724.2025626897,6078428.218025239,2024-10-02,2025-09-18,NA,D1,LU2_2024
LU2_29_24,54.85591,-111.56652,LU2,463630.9943198132,6078904.448064876,2024-10-02,2025-09-18,NA,D1,LU2_2024
LU2_K26_24,54.84896,-111.59702,LU2,461666.41321419,6078147.349475866,2024-10-02,2025-09-18,NA,D1,LU2_2024
LU2_100_24,54.99394,-111.76685,LU2,450938.83814397984,6094386.000162612,2024-10-02,2025-09-17,NA,D1,LU2_2024
LU2_30_24,54.8581,-111.601,LU2,461419.5912302216,6079166.580568524,2024-10-02,2025-09-18,NA,D1,LU2_2024
LU2_33_24,54.86689,-111.50657,LU2,467488.41550255707,6080096.776342232,2024-10-02,2025-09-17,NA,D1,LU2_2024
LU2_M25_24,54.86258,-111.54182000000002,LU2,465222.38885593,6079634.109292145,2024-10-02,2025-09-18,NA,D1,LU2_2024
LU8_N19_24,57.35516,-112.02213,LU8,438501.8375585801,6357383.715627776,2024-10-01,2025-09-11,NA,D1,LU8_2024
LU8_M19_24,57.34687,-112.02953,LU8,438042.66120922426,6356467.634421413,2024-10-01,2025-09-11,NA,D1,LU8_2024
LU8_N20_24,57.341339999999995,-112.00639,LU8,439426.0668459976,6355831.233854353,2024-10-01,2025-09-11,NA,D1,LU8_2024
LU8_O20_24,57.33569,-111.98232,LU8,440865.6852942201,6355181.137598242,2024-10-01,2025-09-11,NA,D1,LU8_2024
LU8_N18_24,57.36655,-112.00683,LU8,439441.111121024,6358637.863542633,2024-10-01,2025-09-11,NA,D1,LU8_2024
LU8_S25_24,57.27087,-111.90127,LU8,445649.0859404142,6347898.178225402,2024-09-25,2025-09-10,NA,D1,LU8_2024
LU8_AC29_24,57.21347,-111.69046,LU8,458296.8913592,6341360.063809865,2024-09-25,2025-09-10,NA,D1,LU8_2024
LU8_AC28_24,57.22453000000001,-111.68562,LU8,458601.6036401342,6342588.266933158,2024-09-25,2025-09-10,NA,D1,LU8_2024
LU8_AB29_24,57.22901000000001,-111.71024,LU8,457120.2533173198,6343102.187793406,2024-09-25,2025-09-10,NA,D1,LU8_2024
LU8_AC30_24,57.202020000000005,-111.69106,LU8,458247.7289944209,6340085.866323227,2024-09-25,2025-09-10,NA,D1,LU8_2024
LU8_T25_24,57.27803000000001,-111.8767,LU8,447140.98680703744,6348675.8519070875,2024-09-25,2025-09-10,NA,D1,LU8_2024
LU8_S24_24,57.27964,-111.89812,LU8,445851.9143511928,6348871.897620337,2024-09-25,2025-09-10,NA,D1,LU8_2024
LU8_AE29_24,57.21758,-111.64945,LU8,460778.1700861935,6341793.223879603,2024-09-25,2025-09-10,NA,D1,LU8_2024
LU8_AD29_24,57.22887000000001,-111.6539,LU8,460521.4887696223,6343052.555114451,2024-09-25,2025-09-10,NA,D1,LU8_2024
LU8_AD28_24,57.243570000000005,-111.66135,LU8,460087.59500036493,6344693.248412146,2024-09-25,2025-09-10,NA,D1,LU8_2024
LU8_AD27_24,57.25323,-111.66636,LU8,459795.76607785386,6345771.513475584,2024-09-25,2025-09-10,NA,D1,LU8_2024
LU8_AC24_24,57.283730000000006,-111.68489,LU8,458711.938631893,6349177.765108297,2024-09-25,2025-09-10,NA,D1,LU8_2024
LU8_AC25_24,57.266540000000006,-111.69253,LU8,458231.9177839327,6347268.886095423,2024-09-25,2025-09-10,NA,D1,LU8_2024
LU8_AC31_24,57.18302,-111.67786,LU8,459024.1953173362,6337962.862029885,2024-09-25,2025-09-10,NA,D1,LU8_2024
LU8_AB31_24,57.19288,-111.69509,LU8,457993.8751764163,6339070.918643813,2024-09-25,2025-09-10,NA,D1,LU8_2024
